time,power ratio,temperature,temperature_filtered
0.542,0.0,28.91,28.729147374364754
1.042,0.0,27.89,28.729753811405978
1.542,0.0,28.66,28.72872156676275
2.042,0.0,28.91,28.726050640435076
2.542,0.0,28.4,28.72174103242295
3.042,1.0,29.66,28.715792742726382
3.542,1.0,29.41,28.70820577134536
4.042,1.0,29.16,28.69898011827989
4.542,1.0,28.15,28.688115783529973
5.042,1.0,28.66,28.675612767095608
5.542,1.0,28.15,28.661471068976365
6.042,1.0,28.91,28.61939849624018
6.542,1.0,28.66,28.52615887544907
7.042,1.0,28.15,28.46837855508294
7.542,1.0,27.89,28.46046747302998
8.042,1.0,28.66,28.462363517488953
8.542,1.0,28.91,28.4920464203984
9.042,1.0,28.66,28.53531219352687
9.542,1.0,28.4,28.620111147433377
10.042,1.0,28.4,28.632759071591597
10.542,1.0,28.66,28.779136972866525
11.042,1.0,29.16,28.79307616868215
11.542,1.0,28.91,28.861203007518366
12.042,1.0,29.16,28.932451781627556
12.542,1.0,28.91,28.896325596599766
13.042,1.0,28.15,28.89906505393877
13.542,1.0,29.16,28.93193527296459
14.042,1.0,29.41,28.96047401111431
14.542,1.0,29.16,28.956730957828924
15.042,1.0,29.41,28.9746289637132
15.542,1.0,27.89,28.917646289636703
16.043,1.0,28.91,28.90327884929673
16.543,1.0,28.91,28.87506701536407
17.043,1.0,28.66,28.80798953906463
17.543,1.0,29.66,28.76104282445201
18.043,1.0,28.66,28.78389996730915
18.543,1.0,28.66,28.814625694671037
19.043,1.0,28.91,28.86180778031994
19.543,1.0,29.16,29.015063746321896
20.043,1.0,28.4,29.06362536776681
20.543,1.0,29.16,29.300487087282992
21.043,1.0,28.66,29.35581562602114
21.543,1.0,29.41,29.463569794049906
22.043,1.0,30.15,29.59394246485736
22.543,1.0,30.87,29.845263157894298
23.043,1.0,30.39,30.154583197122797
23.543,1.0,29.66,30.31355998692338
24.043,1.0,30.63,30.5304282445239
24.543,1.0,29.9,30.72947695325224
25.043,1.0,31.81,30.924092840797186
25.543,1.0,30.15,31.02410918600804
26.043,1.0,31.34,31.260712651192737
26.543,1.0,32.04,31.338159529257464
27.043,1.0,32.5,31.44698267407603
27.543,1.0,30.87,31.66786204641993
28.043,1.0,31.1,31.873050016344735
28.544,1.0,32.5,32.08315789473636
29.044,1.0,31.81,32.20268715266379
29.544,1.0,32.27,32.411304347825606
30.044,1.0,32.73,32.53854527623358
30.544,1.0,33.4,32.748492971558846
31.044,1.0,32.04,32.82377901274878
31.544,1.0,33.4,32.93386073880305
32.044,1.0,33.62,33.170199411571915
32.544,1.0,32.73,33.40071592023487
33.044,1.0,33.85,33.452026806145305
33.544,1.0,33.62,33.602010460934444
34.044,1.0,34.07,33.82546256946664
34.544,1.0,33.62,33.94450800915281
35.044,1.0,33.62,34.066001961424796
35.544,1.0,34.28,34.26971886237281
36.044,1.0,34.5,34.53019287348756
36.544,1.0,35.15,34.615436417129274
37.044,1.0,34.28,34.85508009153267
37.544,1.0,35.15,35.15421052631527
38.044,1.0,36.41,35.423828048381296
38.544,1.0,35.15,35.678689114089046
39.044,1.0,35.36,35.94212160836821
39.544,1.0,36.2,36.22459627329139
40.044,1.0,36.82,36.45427590715866
40.544,1.0,36.41,36.64811049362483
41.044,1.0,36.61,36.85678980058788
41.544,1.0,38.03,37.08945406995696
42.044,1.0,37.63,37.28938542007137
42.544,1.0,37.43,37.38447858777323
43.044,1.0,36.82,37.55742399476898
43.544,1.0,38.03,37.814439359267176
44.044,1.0,37.83,37.978120300751314
44.544,1.0,38.03,38.123301732591784
45.044,1.0,38.23,38.27893102320964
45.544,1.0,38.43,38.48654135338289
46.044,1.0,38.63,38.615766590388446
46.544,1.0,38.23,38.77795031055843
47.044,1.0,39.21,38.985724092840215
47.544,1.0,39.79,39.205194508008574
48.044,1.0,39.41,39.31423667865257
48.544,1.0,39.6,39.44245831971174
49.044,1.0,39.6,39.59504086302654
49.544,1.0,39.6,39.751850277867995
50.044,1.0,39.98,39.90446551160451
50.544,1.0,39.79,40.054092840797054
51.044,1.0,40.36,40.18274926446492
51.544,1.0,39.79,40.36527950310499
52.044,1.0,40.55,40.47472703497815
52.544,1.0,40.17,40.66205622752473
53.044,1.0,41.67,40.82336057535082
53.544,1.0,40.74,40.990630925138326
54.044,1.0,41.48,41.14546256946654
54.544,1.0,41.3,41.334573389996116
55.044,1.0,41.48,41.54533834586404
55.544,1.0,41.67,41.73463223275518
56.044,1.0,42.22,41.8478032036607
56.544,1.0,41.67,42.000389016017685
57.044,1.0,42.03,42.06985943118603
57.544,1.0,41.67,42.23095129127104
58.044,1.0,42.76,42.265675057207616
58.544,1.0,42.58,42.45699248120238
59.044,1.0,43.12,42.554096109839186
59.544,1.0,42.76,42.710856489048076
60.044,1.0,42.22,42.8211539718856
60.544,1.0,42.58,42.97225237005493
61.044,1.0,43.3,43.13384766263421
61.544,1.0,43.3,43.350134030728356
62.044,1.0,43.83,43.52198757763911
62.544,1.0,43.12,43.72587119973783
63.044,1.0,44.35,43.82694998365414
63.544,1.0,43.83,44.03084341287938
64.044,1.0,44.35,44.23477607061066
64.544,1.0,44.35,44.486678653153966
65.044,1.0,45.05,44.66783916312455
65.544,1.0,44.87,44.83088591042758
66.044,1.0,45.05,44.98607061131021
66.544,1.0,45.05,45.19807126511865
67.044,1.0,45.22,45.36880679960704
67.544,1.0,45.05,45.50928081072178
68.044,1.0,46.07,45.659705786203965
68.544,1.0,45.9,45.8412945406989
69.044,1.0,45.9,45.97459300424907
69.544,1.0,45.9,46.106547891467116
70.044,1.0,46.74,46.182056227524654
70.544,1.0,46.41,46.35300098071197
71.044,1.0,46.57,46.51998365478846
71.544,1.0,46.24,46.66759725400388
72.044,1.0,46.57,46.81574043805096
72.544,1.0,47.57,46.94614906832229
73.044,1.0,46.57,47.004223602483776
73.544,1.0,47.07,47.11186989212091
74.044,1.0,47.07,47.25719516181688
74.544,1.0,47.4,47.39773128473287
75.044,1.0,48.22,47.48009480222225
75.544,1.0,47.73,47.62308924485056
76.044,1.0,47.57,47.78716574043734
76.544,1.0,47.9,48.002500817259836
77.044,1.0,47.73,48.0946420398816
77.544,1.0,47.9,48.258332788492254
78.044,1.0,48.55,48.485508336056824
78.544,1.0,49.03,48.5895292579267
79.044,1.0,48.55,48.717626675383386
79.544,1.0,48.55,48.814972213140834
80.044,1.0,49.35,48.956449820201954
80.544,1.0,49.67,49.13044132069231
81.044,1.0,49.35,49.242840797645556
81.544,1.0,48.71,49.357446878063996
82.044,1.0,49.98,49.459277541679555
82.544,1.0,49.19,49.49057862046347
83.044,1.0,49.19,49.53512585812283
83.544,1.0,49.82,49.6311768551807
84.044,1.0,49.82,49.76799934619083
84.544,1.0,50.14,49.882173913042735
85.044,1.0,49.67,49.96553448839416
85.544,1.0,49.98,50.11259235044058
86.044,1.0,50.45,50.32075514874068
86.544,1.0,50.14,50.5052729650205
87.044,1.0,50.45,50.636688460280396
87.544,1.0,51.23,50.875514874141125
88.044,1.0,51.23,51.03366459627253
88.544,1.0,51.23,51.150621118011664
89.044,1.0,51.39,51.29993461915582
89.544,1.0,51.39,51.4995586793062
90.044,1.0,51.85,51.73503432494202
90.544,1.0,52.0,51.89779993461839
91.044,1.0,51.85,52.0701144164752
91.544,1.0,52.16,52.21573063092436
92.044,1.0,52.31,52.33937561294463
92.544,1.0,52.16,52.49381824125453
93.044,1.0,52.61,52.697240928407204
93.544,1.0,53.22,52.90086302713227
94.044,1.0,53.67,53.08920235370958
94.544,1.0,53.22,53.27522719843007
95.044,1.0,53.07,53.48800588427512
95.544,1.0,53.52,53.68505067015285
96.044,1.0,53.52,53.912448512585016
96.544,1.0,54.41,54.03771820856409
97.044,1.0,54.56,54.2327950310551
97.544,1.0,54.41,54.41321346845294
98.044,1.0,54.56,54.5706341941803
98.544,1.0,54.7,54.724756456357476
99.044,1.0,55.0,54.91124877410837
99.544,1.0,55.29,55.129843085975
100.044,1.0,54.85,55.3020693036932
100.544,1.0,55.44,55.45325923504331
101.044,1.0,55.14,55.57976462896289
101.544,1.0,56.45,55.72290617848888
102.044,1.0,55.87,55.95583524027377
102.544,1.0,56.16,56.26332788492888
103.044,1.0,56.16,56.46662634847907
103.544,1.0,56.45,56.517139588099845
104.044,1.0,56.59,56.54613599215347
104.544,1.0,56.74,56.63509316770103
105.044,1.0,57.03,56.71479241582133
105.544,0.9,57.03,56.76172605426525
106.044,0.9,57.74,56.861987577638914
106.544,0.9,57.45,56.87830663615477
107.044,0.9,56.88,57.04299771166964
107.544,0.9,55.44,57.16221967963302
108.044,1.0,55.87,57.33559986923747
108.544,1.0,57.74,57.4806178489694
109.044,1.0,58.3,57.66239293886805
109.544,1.0,57.88,57.882373324615024
110.044,1.0,58.44,58.064795684863476
110.544,0.88,58.58,58.299548872179585
111.044,0.88,58.44,58.539862700227964
111.544,0.88,59.42,58.836776724418876
112.044,0.88,59.01,59.10893102320932
112.544,0.88,59.42,59.38178489702429
113.044,0.86,59.14,59.52354691075427
113.544,0.86,59.7,59.56566851912301
114.044,0.86,59.7,59.725884275906274
114.544,0.86,59.42,59.85297155933223
115.044,0.86,60.26,59.98040536122827
115.544,0.85,60.12,60.136417129780085
116.044,0.85,60.26,60.31148087610241
116.544,0.85,60.53,60.41627329192457
117.044,0.85,61.08,60.62258581235608
117.544,0.85,60.67,60.79756783262413
118.044,0.82,60.39,60.986554429551234
118.544,0.82,61.22,61.139875776396615
119.044,0.82,60.94,61.312598888524754
119.544,0.82,62.04,61.506175220659436
120.044,0.82,61.76,61.67837201699811
120.544,0.78,61.9,61.88171297809651
121.044,0.78,61.76,62.07073880352964
121.544,0.78,62.58,62.21832298136554
122.044,0.78,62.31,62.40269369074768
122.544,0.78,62.44,62.62426610003177
123.044,0.75,62.71,62.80644328211741
123.544,0.75,62.98,62.91432167374865
124.044,0.75,63.39,63.06210853219913
124.544,0.75,63.25,63.168434128799326
125.044,0.75,63.12,63.31521412226124
125.544,0.73,63.39,63.44344883948909
126.044,0.73,63.39,63.55763648250968
126.544,0.73,64.05,63.628774109185066
127.044,0.73,63.79,63.792981366458676
127.544,0.73,63.79,63.88108205295754
128.044,0.72,63.79,63.96562275253256
128.544,0.72,64.19,64.12130107878296
129.044,0.72,64.19,64.24958483164338
129.544,0.72,64.19,64.4110199411563
130.044,0.72,64.59,64.56312520431418
130.544,0.69,64.59,64.69460934945965
131.044,0.69,64.85,64.80692710035864
131.544,0.69,65.25,64.91283752860316
132.044,0.69,64.72,65.04911735861296
132.544,0.69,65.51,65.1495815626012
133.044,0.68,65.78,65.27812683883526
133.544,0.68,64.99,65.36125531219257
134.044,0.68,65.51,65.46609676364729
134.544,0.68,65.51,65.58065707747534
135.044,0.68,65.51,65.69953579601079
135.544,0.65,65.51,65.80620791108107
136.044,0.65,65.91,65.90617848970153
136.544,0.65,65.91,65.98651520104511
137.044,0.65,66.17,66.12932003922752
137.544,0.65,66.57,66.20183393265675
138.044,0.64,66.17,66.32428571428474
138.544,0.64,66.7,66.4676299444253
139.044,0.64,66.83,66.5552795031046
139.544,0.64,66.7,66.69516181758645
140.044,0.64,66.44,66.82061784896926
140.544,0.62,66.83,66.9288198757754
141.044,0.62,66.83,67.00198103955442
141.544,0.62,67.35,67.07332134684438
142.044,0.62,66.96,67.16528277214677
142.544,0.62,67.35,67.28063746322228
143.044,0.6,67.48,67.43283425956095
143.544,0.6,67.74,67.53482183720071
144.044,0.6,67.87,67.67531873161064
144.544,0.6,67.61,67.83281464530792
145.044,0.6,67.74,67.99196796338572
145.544,0.57,67.87,68.11355344883847
146.044,0.57,68.26,68.25328538738049
146.544,0.57,68.78,68.3705001634511
147.044,0.57,68.65,68.52127492644554
147.544,0.57,68.65,68.66960444589634
148.044,0.54,68.65,68.83158548545174
148.544,0.54,69.04,68.99955867930593
149.044,0.54,69.17,69.1662896371353
149.544,0.54,69.3,69.35807453416047
150.044,0.54,69.3,69.49857796665475
150.544,0.54,69.56,69.61423014056778
151.044,0.54,69.69,69.72234063419316
151.544,0.54,70.07,69.827012095455
152.044,0.54,70.33,69.96796011768447
152.544,0.54,70.07,70.06871853546807
153.044,0.53,70.2,70.16605099705681
153.544,0.53,70.2,70.26927754167924
154.044,0.53,70.46,70.37807126511828
154.544,0.53,70.2,70.49699248120196
155.044,0.53,70.46,70.59359267734449
155.544,0.48,70.71,70.70424321673644
156.044,0.48,70.71,70.85269695978972
156.544,0.48,70.97,70.97349460607937
157.044,0.48,70.97,71.11272965021143
157.544,0.48,71.48,71.2632461588744
158.044,0.47,71.61,71.43102321019835
158.544,0.47,71.48,71.56152337365046
159.044,0.47,71.74,71.69995096436638
159.544,0.47,71.74,71.81926446551054
160.044,0.47,72.25,71.91593004249648
160.544,0.45,72.12,72.00142530238534
161.044,0.45,71.74,72.07387381497115
161.544,0.45,72.12,72.15016672114965
162.044,0.45,72.25,72.20278522392832
162.544,0.45,72.5,72.24481203007412
163.044,0.44,71.99,72.30105916966222
163.544,0.44,72.5,72.38688787185247
164.044,0.44,72.25,72.44073226544515
164.544,0.44,72.63,72.53216737495806
165.044,0.44,72.5,72.58737169009373
165.544,0.44,72.63,72.68164432821075
166.044,0.44,72.89,72.76414514547129
166.544,0.44,72.63,72.80869238313066
167.044,0.44,73.01,72.88253023863899
167.544,0.44,73.01,72.94715920235264
168.044,0.43,73.27,73.03584831644221
168.544,0.43,73.01,73.09211507028333
169.044,0.43,73.27,73.15251062438597
169.544,0.43,72.89,73.2023864007835
170.044,0.43,73.27,73.26746649231666
170.544,0.4,73.27,73.31418764301952
171.044,0.4,73.4,73.36100686498747
171.544,0.4,73.52,73.43084341287894
172.044,0.4,73.4,73.49608695652066
172.544,0.4,73.65,73.54943772474557
173.044,0.41,73.65,73.59655769859323
173.544,0.41,73.52,73.6862046420388
174.044,0.41,73.9,73.76450474011007
174.544,0.41,73.78,73.85047401111365
175.044,0.41,73.9,73.91288002615124
175.544,0.39,74.03,73.97979731938432
176.044,0.39,74.16,74.0647662634837
176.544,0.39,74.16,74.17740438051541
177.044,0.39,73.9,74.2720268061447
177.544,0.39,74.41,74.3454560313817
178.044,0.38,74.67,74.45831317423884
178.544,0.38,74.54,74.55366132723002
179.044,0.38,74.54,74.63070284406558
179.544,0.38,74.79,74.73518143183937
180.044,0.38,74.79,74.81565871199628
180.544,0.36,75.17,74.91233082706657
181.044,0.36,75.05,75.00686498855725
181.544,0.36,74.79,75.1087643020584
182.044,0.36,75.17,75.19086629617411
182.544,0.36,75.43,75.22571755475535
183.044,0.34,75.17,75.32835894082923
183.544,0.34,75.43,75.44275580254873
184.044,0.34,75.55,75.51001634520973
184.544,0.34,75.55,75.58447858777267
185.044,0.34,75.8,75.68515854854417
185.544,0.33,75.68,75.75013076168571
186.044,0.33,75.8,75.82859758090767
186.544,0.33,75.8,75.92005230467362
187.044,0.33,76.06,75.99517816279717
187.544,0.33,76.44,76.05355017979619
188.044,0.31,75.93,76.1125923504402
188.544,0.31,75.93,76.17446878064615
189.044,0.31,76.44,76.22475972539934
189.544,0.31,76.31,76.26422033344116
190.044,0.31,76.06,76.31086302713192
190.544,0.31,76.44,76.37226544622312
191.044,0.31,76.69,76.4135828702179
191.544,0.31,76.44,76.46576659038789
192.044,0.31,76.18,76.47999673095669
192.544,0.31,76.56,76.53385093167589
193.044,0.3,76.82,76.62848970251602
193.544,0.3,76.44,76.66875776397401
194.044,0.3,76.69,76.69576332134571
194.544,0.3,76.94,76.77577966655656
195.044,0.3,76.82,76.81544295521299
195.544,0.3,76.82,76.84859431186548
196.044,0.3,76.94,76.91448839489914
196.544,0.3,76.82,77.01380843412765
197.044,0.3,77.32,77.07224910101226
197.544,0.3,77.07,77.10000653808319
198.044,0.3,76.94,77.1209316770175
198.544,0.3,77.2,77.17450800915216
199.044,0.3,77.32,77.20587119973733
199.544,0.3,77.07,77.25105590061997
200.044,0.3,77.58,77.30485452762225
200.544,0.3,77.45,77.31271330500047
201.044,0.3,77.32,77.33132069303579
201.544,0.3,77.07,77.37813991500374
202.044,0.3,77.32,77.35762340634079
202.544,0.3,77.32,77.3933115397177
203.044,0.28,77.7,77.42761686825645
203.544,0.28,77.58,77.4427656096752
204.044,0.28,77.45,77.48371690094686
204.544,0.28,77.32,77.53387708401323
205.044,0.28,77.32,77.5556064073215
205.544,0.28,77.83,77.59560313827933
206.044,0.28,77.7,77.65943772474549
206.544,0.28,77.32,77.7040568813326
207.044,0.28,78.08,77.75466819221853
207.544,0.28,77.95,77.79610657077362
208.044,0.27,77.83,77.82097090552352
208.544,0.27,77.95,77.88964367440224
209.044,0.27,77.83,77.96297482837413
209.544,0.27,77.83,78.00181431840355
210.044,0.27,77.95,78.03225890813876
210.544,0.27,78.33,78.07195815625906
211.044,0.27,78.08,78.09768224909985
211.544,0.27,78.33,78.16159529257811
212.044,0.27,77.95,78.16797319385304
212.544,0.27,78.21,78.25533507682132
213.044,0.26,78.46,78.32044132069188
213.544,0.26,78.33,78.39335403726592
214.044,0.26,78.21,78.46656750571967
214.544,0.26,78.59,78.49250408630155
215.044,0.26,78.59,78.53284079764512
215.544,0.24,78.33,78.56583850931561
216.044,0.24,79.09,78.62660019614137
216.544,0.24,78.59,78.67597580908678
217.044,0.24,78.96,78.73047728015575
217.544,0.24,78.59,78.7433442301394
218.044,0.24,78.84,78.76728015691285
218.544,0.24,78.59,78.81469761359806
219.044,0.24,78.59,78.83199411572294
219.544,0.24,79.09,78.84342595619367
220.044,0.24,78.84,78.86811376266638
220.544,0.25,78.96,78.8877770513228
221.044,0.25,78.96,78.88733246158759
221.544,0.25,78.84,78.95329192546467
222.044,0.25,78.96,78.98009807126395
222.544,0.25,79.09,79.05143510951174
223.044,0.22,79.09,79.06174566851796
223.544,0.22,78.96,79.07574043805049
224.044,0.22,79.22,79.10868911408842
224.544,0.22,79.09,79.13697940503316
225.044,0.22,79.22,79.17447204968828
225.544,0.22,79.34,79.2052043151345
226.044,0.22,79.34,79.29638117031593
226.544,0.22,79.22,79.37565217391186
227.044,0.22,79.34,79.41929061784779
227.544,0.22,79.09,79.46046420398706
228.044,0.23,79.6,79.53761033017207
228.544,0.23,79.98,79.63794377247348
229.044,0.23,79.6,79.69885583523909
229.544,0.23,79.6,79.77119646943328
230.044,0.23,80.1,79.82621771820737
230.544,0.21,80.23,79.85205622752414
231.044,0.21,79.6,79.92848316443163
231.544,0.21,79.72,79.97630598234599
232.044,0.21,80.1,79.97626021575559
232.544,0.21,80.36,80.01586139261077
233.044,0.2,80.1,80.01007845701092
233.544,0.2,79.72,80.03417129780854
234.044,0.2,79.98,80.06601830663496
234.544,0.2,79.98,80.07230794377128
235.044,0.2,79.98,80.07179797319267
235.544,0.2,80.48,80.10040863027014
236.044,0.2,79.85,80.1515037593973
236.544,0.2,80.1,80.16686498855715
237.044,0.2,80.61,80.1725171624702
237.544,0.2,80.1,80.20438051650747
238.044,0.19,80.23,80.24945406995631
238.544,0.19,80.1,80.28382477933846
239.044,0.19,80.36,80.31822817914232
239.544,0.19,80.36,80.35332788492853
240.044,0.19,80.36,80.3915266426925
240.544,0.18,80.48,80.41219352729532
241.044,0.18,80.48,80.46340307289844
241.544,0.18,80.36,80.4631055900609
242.044,0.18,80.48,80.48476953252577
242.544,0.18,80.48,80.53211180124104
243.044,0.17,80.73,80.55282445243425
243.544,0.17,80.86,80.60547891467681
244.044,0.17,80.48,80.61430859757971
244.544,0.17,80.61,80.65594965674939
245.044,0.17,80.48,80.69119973847545
245.544,0.16,80.61,80.70431513566405
246.044,0.16,80.73,80.72752206603346
246.544,0.16,80.86,80.75244524354244
247.044,0.16,80.73,80.78112455050551
247.544,0.16,80.99,80.81313501144045
248.044,0.18,80.99,80.78803203661208
248.544,0.18,80.61,80.82254331480756
249.044,0.18,80.99,80.8679830009795
249.544,0.18,80.73,80.88279830009688
250.044,0.18,80.73,80.91269369074742
250.544,0.18,80.99,80.90214122262057
251.044,0.18,80.99,80.88418437397723
251.544,0.18,80.99,80.85162798299979
252.044,0.18,80.73,80.84895390650419
252.544,0.18,80.61,80.86543641712859
253.044,0.17,81.37,80.88311539718742
253.544,0.17,80.86,80.91632886564118
254.044,0.17,80.86,80.88474664923058
254.544,0.17,80.86,80.9259463877072
255.044,0.17,80.61,80.94155279502985
255.544,0.17,80.86,80.94889506374511
256.044,0.17,80.99,80.9810689767886
256.544,0.17,81.37,81.02956521739011
257.044,0.17,81.24,81.07457012095337
257.544,0.17,80.86,81.07516181758625
258.044,0.16,81.11,81.09767571101547
258.544,0.16,80.99,81.18022883295075
259.044,0.16,81.62,81.22666230794256
259.544,0.16,81.11,81.29597254004456
260.044,0.16,81.24,81.33138934292133
260.544,0.15,81.37,81.36339980385627
261.044,0.15,81.37,81.37094802222828
261.544,0.15,81.24,81.39756456358167
262.044,0.15,81.37,81.43249427917499
262.544,0.15,81.87,81.46450474010994
263.044,0.14,81.49,81.45135992154178
263.544,0.14,81.49,81.46282118339207
264.044,0.14,81.62,81.46116704805371
264.544,0.14,81.24,81.50075514874021
265.044,0.14,81.62,81.53831317423874
265.544,0.16,81.24,81.54687479568365
266.044,0.16,81.62,81.57078783916192
266.544,0.16,81.37,81.56172932330706
267.044,0.16,81.62,81.55150049035512
267.544,0.16,81.62,81.57072245831851
268.044,0.15,81.87,81.61090552468008
268.544,0.15,81.75,81.66409937888078
269.044,0.15,81.75,81.71601830663495
269.544,0.15,81.87,81.76988231448064
270.044,0.15,81.37,81.80189277541558
270.544,0.15,81.75,81.86049689440873
271.044,0.15,81.62,81.88618175874348
271.544,0.15,82.13,81.91423667865193
272.044,0.15,82.13,81.90545930042376
272.544,0.15,81.87,81.9122817914339
273.044,0.14,82.25,81.88823471722665
273.544,0.14,81.87,81.89576005230346
274.044,0.14,81.87,81.89790127492523
274.544,0.14,82.0,81.90054919908346
275.044,0.14,81.87,81.89973847662513
275.544,0.15,81.75,81.85769532526848
276.044,0.15,81.62,81.86632559659898
276.544,0.15,81.75,81.85028767570981
277.044,0.15,81.87,81.88745995423221
277.544,0.15,81.75,81.91945733899846
278.044,0.15,82.13,81.93497548218251
278.544,0.15,82.0,81.96843412879905
279.044,0.15,82.0,81.98686171951496
279.544,0.15,82.0,82.02423340960976
280.044,0.15,82.25,82.05532200065258
280.544,0.14,82.38,82.09684537430411
281.044,0.14,82.0,82.09375286041067
281.544,0.14,82.13,82.0845537757425
282.044,0.14,81.87,82.09260215756662
282.544,0.14,82.0,82.12891140895596
283.044,0.13,82.0,82.11999346191445
283.544,0.13,82.25,82.13906832298015
284.044,0.13,82.25,82.15961425302265
284.544,0.13,82.0,82.169084668191
285.044,0.13,82.25,82.17796665576864
285.544,0.12,82.0,82.22154952598767
286.044,0.12,82.51,82.25418110493501
286.544,0.12,82.51,82.28941157240807
287.044,0.12,82.38,82.32550179797197
287.544,0.12,82.0,82.31048381824004
288.044,0.12,82.38,82.30281464530769
288.544,0.12,82.38,82.29355998692262
289.044,0.12,82.25,82.31814318404585
289.544,0.12,82.38,82.33913043478138
290.044,0.12,82.38,82.31943118666109
290.544,0.11,82.13,82.31736842105141
291.044,0.11,82.51,82.28158548545154
291.544,0.11,82.13,82.29941157240806
292.044,0.11,82.13,82.34419091206153
292.544,0.11,82.51,82.38932984635379
293.044,0.12,82.51,82.37526315789351
293.544,0.12,82.51,82.40372016998897
294.044,0.12,82.25,82.41692710035838
294.544,0.12,82.25,82.44613599215307
295.044,0.12,82.51,82.44754821837078
295.544,0.12,82.51,82.46593658058066
296.044,0.12,82.76,82.47290617848847
296.544,0.12,82.63,82.49794050343125
297.044,0.12,82.38,82.52389669826619
297.544,0.12,82.25,82.50566198103832
298.044,0.12,82.63,82.4965903890148
298.544,0.12,82.38,82.51842105263036
299.044,0.12,82.63,82.52331807780199
299.544,0.12,82.25,82.5239620791096
300.044,0.12,82.76,82.49066361555941
300.544,0.13,82.63,82.47949983654667
301.044,0.13,82.51,82.475119320038
301.544,0.13,82.63,82.50652827721355
302.044,0.13,82.13,82.52218372016875
302.544,0.13,82.51,82.53667211506905
303.044,0.12,82.76,82.55324288983206
303.544,0.12,82.38,82.57606734226749
304.044,0.12,82.63,82.57621118012301
304.544,0.12,82.38,82.60753514220211
305.044,0.12,82.76,82.62359921542864
305.544,0.11,82.76,82.6330369401753
306.044,0.11,82.76,82.68642693690627
306.544,0.11,82.63,82.70978424321551
307.044,0.11,82.89,82.74965021248653
307.544,0.11,82.76,82.71396534815177
308.044,0.12,82.51,82.72892121608247
308.544,0.12,82.76,82.7534619156575
309.044,0.12,82.89,82.74336384439236
309.544,0.12,82.76,82.75932984635381
310.044,0.12,82.51,82.76678326250287
310.544,0.11,83.14,82.78244197450024
311.044,0.11,82.51,82.79679306962937
311.544,0.11,82.76,82.79530238639956
312.044,0.11,82.63,82.81065053939074
312.544,0.11,83.14,82.83110820529463
313.044,0.12,82.76,82.8352991173574
313.544,0.12,82.89,82.82650539391835
314.044,0.12,83.02,82.82144491663819
314.544,0.12,82.89,82.82917620137178
315.044,0.12,82.63,82.81672768878596
315.544,0.11,82.76,82.79683229813543
316.044,0.11,82.76,82.82781301078661
316.544,0.11,83.02,82.8180026152325
317.044,0.11,82.63,82.81679960771372
317.544,0.11,82.76,82.81479241582093
318.044,0.11,82.89,82.86042824452312
318.544,0.11,82.76,82.87273291925344
319.044,0.11,82.89,82.89555737168887
319.544,0.11,82.89,82.93293886891018
320.044,0.11,83.14,82.96588100686375
320.544,0.1,83.02,82.97105916966206
321.044,0.1,83.02,82.9838966982662
321.544,0.1,83.02,82.9886171951606
322.044,0.1,83.14,83.03998365478793
322.544,0.1,83.02,83.05441320692914
323.044,0.1,82.89,83.06458646616417
323.544,0.1,83.02,83.06727361882844
324.044,0.1,83.02,83.04807453416026
324.544,0.1,83.02,83.03557044785754
325.044,0.1,83.02,83.02838509316648
325.544,0.1,83.14,83.04508989865846
326.044,0.1,83.14,83.02872834259438
326.544,0.1,83.27,83.01947695325147
327.044,0.1,82.89,83.03776070611187
327.544,0.1,82.89,83.05327884929592
328.044,0.1,82.89,83.0466426936895
328.544,0.1,83.02,83.04183720169867
329.044,0.1,83.14,83.04531219352607
329.544,0.1,83.14,83.04940830336588
330.044,0.1,83.02,83.06770840143714
330.544,0.11,82.89,83.05683883621975
331.044,0.11,83.27,83.08233736515078
331.544,0.11,83.27,83.07551814318282
332.044,0.11,82.89,83.10780974174445
332.544,0.11,83.02,83.12133376920438
333.044,0.1,83.27,83.119372343902
333.544,0.1,83.14,83.10466819221844
334.044,0.1,83.14,83.10670480549075
334.544,0.1,83.14,83.10965348152868
335.044,0.1,82.89,83.11084341287881
335.544,0.1,83.27,83.11759398496118
336.044,0.1,82.89,83.12631252043029
336.544,0.1,83.4,83.16283752860289
337.044,0.1,83.14,83.15295521412102
337.544,0.1,83.02,83.16492644654994
338.044,0.1,83.14,83.16048054919786
338.544,0.1,83.27,83.18391304347702
339.044,0.1,83.14,83.19821510297359
339.544,0.1,83.27,83.21736188296707
340.044,0.1,83.4,83.22421052631455
340.544,0.1,83.27,83.21373978424198
341.044,0.1,83.02,83.22295848316321
341.544,0.1,82.89,83.18318077803082
342.044,0.1,83.65,83.17571101667087
342.544,0.1,83.02,83.14633540372547
343.044,0.11,83.27,83.14089244851135
343.544,0.11,83.14,83.12057208237863
344.044,0.11,83.14,83.13028113762545
344.544,0.11,83.02,83.15245178162675
345.044,0.11,83.14,83.17583197123119
345.544,0.1,83.02,83.2022131415483
346.044,0.1,83.02,83.2343380189592
346.544,0.1,83.27,83.26294213795235
347.044,0.1,83.4,83.29088264138484
347.544,0.1,83.65,83.34895717554635
348.044,0.1,83.27,83.39336711343454
348.544,0.1,83.65,83.43951618175751
349.044,0.1,83.52,83.48027133049892
349.544,0.1,83.27,83.48950310558884
350.044,0.1,83.4,83.49627002288206
350.544,0.1,83.65,83.48294213795234
351.044,0.1,83.65,83.47918927754046
351.544,0.1,83.52,83.48017652827598
352.044,0.1,83.27,83.48466165413411
352.544,0.1,83.65,83.47599869238189
353.044,0.1,83.27,83.4839490029409
353.544,0.1,83.4,83.47882314481734
354.044,0.1,83.27,83.51044458973396
354.544,0.1,83.65,83.53453743053163
355.044,0.1,83.52,83.50730304020799
355.544,0.1,83.91,83.51921869891999
356.044,0.1,83.65,83.57171297809617
356.544,0.1,83.4,83.60379208891672
357.044,0.1,83.4,83.61944099378758
357.544,0.1,83.65,83.6146747303028
358.044,0.1,83.78,83.63651193200269
358.544,0.1,83.65,83.64339980385624
359.044,0.1,83.52,83.63135338345742
359.544,0.1,83.52,83.62435763321224
360.044,0.1,84.03,83.62241255312071
360.544,0.1,83.65,83.59111801242113
361.044,0.1,83.27,83.61630271330377
361.544,0.1,83.52,83.59927100359471
362.044,0.1,83.65,83.57355344883825
362.544,0.1,83.65,83.54771167047932
363.044,0.1,83.65,83.5122327558013
363.544,0.1,83.4,83.51326577312724
364.044,0.1,83.65,83.5092056227513
364.544,0.1,83.27,83.49601503759274
365.044,0.1,83.4,83.48766917293109
365.544,0.1,83.65,83.50577312847213
366.044,0.1,83.27,83.51859758090757
366.544,0.1,83.65,83.4945276234051
367.044,0.1,83.52,83.50909120627531
367.544,0.1,83.4,83.51259888852444
368.044,0.1,83.78,83.51349787512136
368.544,0.1,83.52,83.53078457011972
369.044,0.1,83.52,83.53730630925014
369.544,0.1,83.52,83.53025825433025
370.044,0.1,83.4,83.54232101993993
370.544,0.1,83.65,83.54872180451004
371.044,0.1,83.52,83.5366655769847
371.544,0.1,83.65,83.51074861065584
372.044,0.1,83.27,83.52750245178039
372.544,0.1,83.52,83.51824125531095
373.044,0.1,83.65,83.50153644981896
373.544,0.1,83.52,83.51029748283631
374.044,0.1,83.4,83.5260869565205
374.544,0.1,83.91,83.53271330500041
375.044,0.1,83.27,83.54148087610207
375.544,0.1,83.27,83.54113762667416
376.044,0.1,83.78,83.55286368094025
376.544,0.1,83.65,83.58350114416353
377.044,0.1,83.4,83.60417783589284
377.544,0.1,83.65,83.60987250735411
378.044,0.1,83.65,83.60742726381048
378.544,0.1,83.78,83.62399476953131
379.044,0.1,83.52,83.62200719189154
379.544,0.1,83.65,83.60920889179347
380.044,0.1,83.65,83.64477280156791
380.544,0.1,83.65,83.61745668519
381.044,0.1,83.78,83.60607061130963
381.544,0.1,83.4,83.60794377247343
382.044,0.1,83.65,83.61308597580786
382.544,0.1,83.4,83.58036940176405
383.044,0.1,83.65,83.56127492644531
383.544,0.1,83.52,83.55997384766141
384.044,0.1,83.65,83.56877410918477
384.544,0.1,83.65,83.55427917620015
385.044,0.1,83.52,83.58445897351952
385.544,0.1,83.78,83.61733573062969
386.044,0.1,83.4,83.66701863353914
386.544,0.1,83.65,83.68642693690624
387.044,0.1,83.52,83.6905099705774
387.544,0.1,83.78,83.73455704478464
388.044,0.1,83.91,83.75863027132927
388.544,0.1,83.78,83.79759398496117
389.044,0.1,83.91,83.83942791761889
389.544,0.1,84.16,83.8580026152325
390.044,0.1,83.78,83.87909447531749
390.544,0.1,83.78,83.88973193854076
391.044,0.1,83.52,83.92568159529134
391.544,0.1,84.16,83.90562929061662
392.044,0.1,84.16,83.91928407976339
392.544,0.1,83.91,83.90170644001184
393.044,0.1,83.91,83.91183066361431
393.544,0.1,83.91,83.95512258908015
394.044,0.1,83.65,83.98599215429756
394.544,0.1,84.03,84.012131415494
395.044,0.1,84.03,84.02843739784119
395.544,0.1,84.03,84.0280679960759
396.044,0.1,83.91,84.02101340307165
396.544,0.1,84.29,83.98338999672971
397.044,0.1,84.03,84.00073553448715
397.544,0.1,84.29,84.02274926446427
398.044,0.1,84.16,83.99543641712853
398.544,0.1,83.78,83.96796011768429
399.044,0.1,83.65,83.96212160836751
399.544,0.1,83.65,83.90601503759274
400.044,0.1,84.03,83.87149395227074
400.544,0.1,83.91,83.83813337691933
401.044,0.1,83.91,83.82128473357182
401.544,0.1,83.91,83.77379535795887
402.044,0.1,83.65,83.76054266099909
402.544,0.1,83.52,83.75302713304877
403.044,0.1,83.91,83.75291598561498
403.544,0.1,83.91,83.76633867276765
404.044,0.1,83.52,83.74168028767447
404.544,0.1,83.78,83.7260215756771
405.044,0.1,83.78,83.69590389015895
405.544,0.1,83.78,83.68965021248651
406.044,0.1,83.52,83.70184700882518
406.544,0.1,83.78,83.68808434128677
407.044,0.1,83.78,83.70082706766794
407.544,0.1,83.52,83.71120300751755
408.044,0.1,83.78,83.7103399803845
408.544,0.1,83.65,83.75395227198307
409.044,0.1,83.91,83.7763877084002
409.544,0.1,83.65,83.78305982347048
410.044,0.1,83.78,83.81439359267611
410.544,0.1,83.91,83.84412553121811
411.044,0.1,83.65,83.87225563909651
411.544,0.1,84.16,83.86135011441522
412.044,0.1,84.03,83.8769990192861
412.544,0.1,83.91,83.89341614906708
413.044,0.1,83.91,83.88000980712528
413.544,0.1,83.65,83.89790781300955
414.044,0.1,84.03,83.88431513566401
414.544,0.1,83.91,83.87673749591245
415.044,0.1,83.78,83.87393265773004
415.544,0.1,83.78,83.8841712978085
416.044,0.1,83.78,83.90066361555941
416.544,0.1,84.03,83.8999509643662
417.044,0.1,83.91,83.92316116377778
417.544,0.1,83.91,83.9426021575666
418.044,0.1,84.03,83.92659692709911
418.544,0.1,83.78,83.94800261523248
419.044,0.1,84.03,83.9477803203649
419.544,0.1,84.29,83.95170644001183
420.044,0.1,84.03,83.98342595619359
420.544,0.1,83.91,84.00233736515078
421.044,0.1,83.91,84.01489048708603
421.544,0.1,83.78,84.01300098071141
422.044,0.1,83.91,84.04368747956724
422.544,0.1,83.91,84.0460084995084
423.044,0.1,84.42,84.04114416475849
423.544,0.1,84.03,84.07165086629493
424.044,0.1,84.03,84.06766263484673
424.544,0.1,84.42,84.08969597907688
425.044,0.1,84.03,84.1115201046081
425.544,0.1,84.03,84.11854854527499
426.044,0.1,84.03,84.1211964694332
426.544,0.1,84.16,84.10136972866826
427.044,0.1,83.91,84.06907813010663
427.544,0.1,84.16,84.04207584177712
428.044,0.1,84.29,84.0262536776712
428.544,0.1,83.91,84.02382804838058
429.044,0.1,84.03,84.02034651846884
429.544,0.1,83.78,84.00688460281013
430.044,0.1,84.03,84.02993461915534
430.544,0.1,84.03,84.02609022556267
431.044,0.1,83.91,84.0425661981027
431.544,0.1,84.16,84.05590389015894
432.044,0.1,84.16,84.07056554429427
432.544,0.1,84.16,84.04721477606937
433.044,0.1,83.91,84.0758515854842
433.544,0.1,84.29,84.1272115070272
434.044,0.1,84.03,84.14886237332337
434.544,0.1,84.16,84.17248120300627
435.044,0.1,84.16,84.1542693690736
435.544,0.1,84.29,84.15254985289185
436.044,0.1,84.03,84.15976462896246
436.544,0.1,84.03,84.13839816933513
437.044,0.1,84.16,84.15404053612167
437.544,0.1,84.54,84.16925792742602
438.044,0.1,84.16,84.17678326250284
438.544,0.1,84.03,84.15809741745544
439.044,0.1,84.03,84.17879045439561
439.544,0.1,84.03,84.18969924811906
440.044,0.1,84.29,84.1976659038889
440.544,0.1,84.29,84.21399476953127
441.044,0.1,84.16,84.22415168355546
441.544,0.1,84.42,84.20646943445445
442.044,0.1,84.16,84.217188623732
442.544,0.1,84.16,84.24016999019162
443.044,0.1,84.29,84.27616868257476
443.544,0.1,84.42,84.3007747629932
444.044,0.1,84.29,84.31134684537307
444.544,0.1,84.16,84.32156914024065
445.044,0.1,84.29,84.32655442955088
445.544,0.1,84.16,84.33803203661203
446.044,0.1,84.42,84.34231775089773
446.544,0.1,84.67,84.30002288329395
447.044,0.1,84.29,84.31515527950187
447.544,0.1,84.16,84.30498202026682
448.044,0.1,84.42,84.28446224256169
448.544,0.1,84.29,84.25848316443158
449.044,0.1,84.29,84.22241909120501
449.544,0.1,84.16,84.21967636482385
450.044,0.1,84.03,84.19336057535017
450.544,0.1,84.03,84.17419745014585
451.044,0.1,84.03,84.13634847989414
451.544,0.1,84.54,84.14308597580784
452.044,0.1,84.03,84.15583850931553
452.544,0.1,84.03,84.15056881333645
453.044,0.1,84.03,84.12994769532402
453.544,0.1,84.16,84.11476299444138
454.044,0.1,84.54,84.12619483491213
454.544,0.1,84.03,84.17033017325798
455.044,0.1,84.16,84.17259235044007
455.544,0.1,84.16,84.17999999999876
456.044,0.1,84.29,84.19498528930899
456.544,0.1,83.91,84.19770186335279
457.044,0.1,84.16,84.24461915658587
457.544,0.1,84.16,84.26160509970452
458.044,0.1,84.29,84.25465184700758
458.544,0.1,84.67,84.26279503105465
459.044,0.1,84.42,84.29120954560189
459.544,0.1,84.03,84.33940830336586
460.044,0.1,84.54,84.37727688787061
460.544,0.1,84.42,84.4339032363505
461.044,0.1,84.29,84.4505295848304
461.544,0.1,84.42,84.48280810722333
462.044,0.1,84.42,84.48751879699124
462.544,0.1,84.42,84.5200849950952
463.044,0.1,84.8,84.53456358286897
463.544,0.1,84.67,84.56001307616744
464.044,0.1,84.54,84.61090552468002
464.544,0.1,84.8,84.64386727688662
465.044,0.1,84.54,84.63729323308145
465.544,0.1,84.29,84.65006538084216
466.044,0.1,84.8,84.65415168355547
466.544,0.1,84.8,84.63644655115925
467.044,0.1,84.8,84.63327558025374
467.544,0.1,84.54,84.62482510624262
468.044,0.1,84.67,84.60301078783792
468.544,0.1,84.54,84.6198725073541
469.044,0.1,84.54,84.63113435763196
469.544,0.1,84.54,84.6323340961086
470.044,0.1,84.54,84.65377247466367
470.544,0.1,84.67,84.65788166067217
471.044,0.1,84.67,84.62168028767445
471.544,0.1,84.8,84.62652500817136
472.044,0.1,84.67,84.64348152991049
472.544,0.1,84.67,84.6939261196457
473.044,0.1,84.8,84.70552795030932
473.544,0.1,84.67,84.7344262830978
474.044,0.1,84.67,84.74989539064929
474.544,0.1,84.67,84.75151029748159
475.044,0.1,84.67,84.75741745668394
475.544,0.0,84.67,84.75546256946589
476.044,0.0,84.93,84.75694998365353
476.544,0.0,84.93,84.74734553775619
477.044,0.0,84.93,84.75694998365353
477.544,0.0,84.54,84.75546256946589
478.044,0.0,84.8,84.75741745668394
478.544,0.0,84.67,84.76323962078986
479.044,0.0,84.67,84.74751552794906
479.544,0.0,84.8,84.74321673749466
480.044,0.0,84.67,84.70736188296705
480.544,0.0,84.67,84.67381170316972
481.044,0.0,84.67,84.65667538411121
481.544,0.0,84.8,84.64911082052834
482.044,0.0,84.67,84.62792088917823
482.544,0.0,84.67,84.6409741745656
483.044,0.0,84.54,84.6454854527611
483.544,0.0,84.54,84.66325596600072
484.044,0.0,84.67,84.64707093821386
484.544,0.0,84.42,84.65306963059699
485.044,0.0,84.8,84.66952271984184
485.544,0.1,84.8,84.65661654135214
486.044,0.1,84.54,84.66136972866825
486.544,0.1,84.67,84.68663942464732
487.044,0.1,85.05,84.7206963059811
487.544,0.1,84.8,84.74496894409813
488.044,0.0,84.54,84.76672441974377
488.544,0.0,84.54,84.77423340960974
489.044,0.0,84.93,84.75980385746851
489.544,0.0,84.67,84.75064073226419
490.044,0.0,84.67,84.76172278522267
490.544,0.1,85.05,84.77776070611186
491.044,0.1,84.93,84.78192219679508
491.544,0.1,84.67,84.75563582870093
492.044,0.1,84.67,84.73604445897227
492.544,0.1,84.67,84.75700882641262
493.044,0.1,84.67,84.7430009807114
493.544,0.1,84.67,84.73924812029951
494.044,0.1,84.93,84.73284079764503
494.544,0.1,85.05,84.76121281464407
495.044,0.1,84.42,84.73739784243091
495.544,0.0,84.54,84.69568159529132
496.044,0.0,84.67,84.6929584831632
496.544,0.0,84.8,84.71935272964896
497.044,0.0,84.8,84.7309087937222
497.544,0.0,84.67,84.73941811049238
498.044,0.1,85.05,84.72712651193076
498.544,0.1,84.67,84.70658058188826
499.044,0.1,84.54,84.68586466165289
499.544,0.1,84.29,84.65670807453292
500.044,0.1,84.67,84.64327231121158
500.544,0.1,84.93,84.6157960117673
501.044,0.1,84.93,84.58603792088793
501.544,0.1,84.54,84.57394573389873
502.044,0.1,84.42,84.55492317750775
502.544,0.1,84.29,84.53509970578497
503.044,0.1,84.42,84.47590389015893
503.544,0.1,84.42,84.50025498528807
504.044,0.1,84.29,84.48325596600071
504.544,0.1,84.67,84.465962732918
505.044,0.1,84.8,84.40093167701737
505.544,0.1,84.42,84.38344230140444
506.044,0.1,84.42,84.37999673095658
506.544,0.1,84.16,84.40673422687028
507.044,0.1,84.29,84.4034782608683
507.544,0.1,84.29,84.4323210199399
508.044,0.1,84.8,84.40687479568362
508.544,0.1,84.16,84.41632232755677
509.044,0.1,84.42,84.44309578293434
509.544,0.1,84.29,84.44620137299646
510.044,0.1,84.67,84.47720169990069
510.544,0.1,84.42,84.52700882641261
511.044,0.1,84.67,84.56162798299974
511.544,0.1,84.54,84.58476626348356
512.044,0.1,84.8,84.56159856162019
512.544,0.1,84.29,84.57956848643224
513.044,0.1,84.93,84.57099378881864
513.544,0.1,84.67,84.61047074207133
514.044,0.1,84.42,84.60086629617396
514.544,0.1,84.54,84.6001732592338
515.044,0.1,84.54,84.59571101667086
515.544,0.1,84.54,84.59250081725929
516.044,0.1,84.42,84.58370055573592
516.544,0.1,84.54,84.5764432821171
517.044,0.1,84.93,84.55757110166597
517.544,0.1,84.42,84.53695979078005
518.044,0.1,84.67,84.50288002615108
518.544,0.1,84.54,84.4955083360563
519.044,0.1,84.54,84.52657404380392
519.544,0.1,84.54,84.52428571428446
520.044,0.1,84.29,84.52517489375488
520.544,0.1,84.54,84.51621771820732
521.044,0.1,84.29,84.52221641059046
521.544,0.1,84.42,84.51060477280033
522.044,0.1,84.42,84.49934292252246
522.544,0.1,84.8,84.52499509643549
523.044,0.1,84.54,84.48202353710238
523.544,0.1,84.93,84.46669172932206
524.044,0.1,84.29,84.47453743053161
524.544,0.1,84.42,84.45084995096313
525.044,0.1,84.42,84.47657077476174
525.544,0.1,84.54,84.4513991500478
526.044,0.1,84.29,84.42353383458521
526.544,0.1,84.29,84.41215756783137
527.044,0.1,84.29,84.40696959790657
527.544,0.1,84.16,84.40701863353912
528.044,0.1,84.67,84.4217881660661
528.544,0.1,84.67,84.42955867930571
529.044,0.1,84.29,84.47962732919129
529.544,0.1,84.8,84.47876430205824
530.044,0.1,84.16,84.51764302059372
530.544,0.1,84.54,84.55341614906708
531.044,0.1,84.93,84.58925138934167
531.544,0.1,84.54,84.59992154298666
532.044,0.1,84.54,84.62399803857345
532.544,0.1,84.42,84.62993788819752
533.044,0.1,84.67,84.6019646943433
533.544,0.1,84.67,84.63610330173134
534.044,0.1,84.67,84.65454723765812
534.544,0.1,84.93,84.64604445897228
535.044,0.1,84.54,84.67618502778562
535.544,0.0,84.54,84.66598234717102
536.044,0.0,84.67,84.67210199411447
536.544,0.0,84.8,84.68682249100888
537.044,0.0,84.54,84.71555737168885
537.544,0.0,84.67,84.72682576005106
538.044,0.1,84.93,84.72837201699777
538.544,0.1,84.54,84.7300719189265
539.044,0.1,84.8,84.70843739784118
539.544,0.1,84.8,84.73172932330702
540.044,0.1,84.8,84.76738149722007
540.544,0.0,84.67,84.73882968290167
541.044,0.0,84.67,84.7198823144806
541.544,0.0,85.05,84.71695652173788
542.044,0.0,84.54,84.72278522392816
542.544,0.0,84.67,84.69980058842636
543.044,0.0,84.54,84.69241255312069
543.544,0.0,84.67,84.69054919908342
544.044,0.0,85.05,84.68248120300626
544.544,0.0,84.42,84.66834259561823
545.044,0.0,84.42,84.65980058842635
545.544,0.1,84.93,84.70311866622956
546.044,0.1,84.8,84.7011637790115
546.544,0.1,84.67,84.72721804511153
547.044,0.1,84.67,84.76003922850481
547.544,0.1,84.8,84.76665576985818
548.044,0.1,84.67,84.78563909774311
548.544,0.1,84.93,84.79675057208112
549.044,0.1,84.67,84.82402745995299
549.544,0.1,85.05,84.88281137626551
550.044,0.1,85.18,84.89541026479117
550.544,0.0,84.54,84.91171725757083
551.044,0.0,85.05,84.92604083330859
551.544,0.0,84.67,84.93838099200572
552.044,0.0,85.05,84.94873773366224
552.544,0.0,85.05,84.95711105827812
553.044,0.0,85.05,84.96350096585338
553.544,0.0,85.05,84.96790745638802
554.044,0.0,84.93,84.97033052988202
554.544,0.0,84.93,84.97077018633541
555.044,0.0,84.93,84.96922642574816
