time,power ratio,temperature
0.542,0.0,28.91
1.042,0.0,27.89
1.542,0.0,28.66
2.042,0.0,28.91
2.542,0.0,28.4
3.042,1.0,29.66
3.542,1.0,29.41
4.042,1.0,29.16
4.542,1.0,28.15
5.042,1.0,28.66
5.542,1.0,28.15
6.042,1.0,28.91
6.542,1.0,28.66
7.042,1.0,28.15
7.542,1.0,27.89
8.042,1.0,28.66
8.542,1.0,28.91
9.042,1.0,28.66
9.542,1.0,28.4
10.042,1.0,28.4
10.542,1.0,28.66
11.042,1.0,29.16
11.542,1.0,28.91
12.042,1.0,29.16
12.542,1.0,28.91
13.042,1.0,28.15
13.542,1.0,29.16
14.042,1.0,29.41
14.542,1.0,29.16
15.042,1.0,29.41
15.542,1.0,27.89
16.043,1.0,28.91
16.543,1.0,28.91
17.043,1.0,28.66
17.543,1.0,29.66
18.043,1.0,28.66
18.543,1.0,28.66
19.043,1.0,28.91
19.543,1.0,29.16
20.043,1.0,28.4
20.543,1.0,29.16
21.043,1.0,28.66
21.543,1.0,29.41
22.043,1.0,30.15
22.543,1.0,30.87
23.043,1.0,30.39
23.543,1.0,29.66
24.043,1.0,30.63
24.543,1.0,29.9
25.043,1.0,31.81
25.543,1.0,30.15
26.043,1.0,31.34
26.543,1.0,32.04
27.043,1.0,32.5
27.543,1.0,30.87
28.043,1.0,31.1
28.544,1.0,32.5
29.044,1.0,31.81
29.544,1.0,32.27
30.044,1.0,32.73
30.544,1.0,33.4
31.044,1.0,32.04
31.544,1.0,33.4
32.044,1.0,33.62
32.544,1.0,32.73
33.044,1.0,33.85
33.544,1.0,33.62
34.044,1.0,34.07
34.544,1.0,33.62
35.044,1.0,33.62
35.544,1.0,34.28
36.044,1.0,34.5
36.544,1.0,35.15
37.044,1.0,34.28
37.544,1.0,35.15
38.044,1.0,36.41
38.544,1.0,35.15
39.044,1.0,35.36
39.544,1.0,36.2
40.044,1.0,36.82
40.544,1.0,36.41
41.044,1.0,36.61
41.544,1.0,38.03
42.044,1.0,37.63
42.544,1.0,37.43
43.044,1.0,36.82
43.544,1.0,38.03
44.044,1.0,37.83
44.544,1.0,38.03
45.044,1.0,38.23
45.544,1.0,38.43
46.044,1.0,38.63
46.544,1.0,38.23
47.044,1.0,39.21
47.544,1.0,39.79
48.044,1.0,39.41
48.544,1.0,39.6
49.044,1.0,39.6
49.544,1.0,39.6
50.044,1.0,39.98
50.544,1.0,39.79
51.044,1.0,40.36
51.544,1.0,39.79
52.044,1.0,40.55
52.544,1.0,40.17
53.044,1.0,41.67
53.544,1.0,40.74
54.044,1.0,41.48
54.544,1.0,41.3
55.044,1.0,41.48
55.544,1.0,41.67
56.044,1.0,42.22
56.544,1.0,41.67
57.044,1.0,42.03
57.544,1.0,41.67
58.044,1.0,42.76
58.544,1.0,42.58
59.044,1.0,43.12
59.544,1.0,42.76
60.044,1.0,42.22
60.544,1.0,42.58
61.044,1.0,43.3
61.544,1.0,43.3
62.044,1.0,43.83
62.544,1.0,43.12
63.044,1.0,44.35
63.544,1.0,43.83
64.044,1.0,44.35
64.544,1.0,44.35
65.044,1.0,45.05
65.544,1.0,44.87
66.044,1.0,45.05
66.544,1.0,45.05
67.044,1.0,45.22
67.544,1.0,45.05
68.044,1.0,46.07
68.544,1.0,45.9
69.044,1.0,45.9
69.544,1.0,45.9
70.044,1.0,46.74
70.544,1.0,46.41
71.044,1.0,46.57
71.544,1.0,46.24
72.044,1.0,46.57
72.544,1.0,47.57
73.044,1.0,46.57
73.544,1.0,47.07
74.044,1.0,47.07
74.544,1.0,47.4
75.044,1.0,48.22
75.544,1.0,47.73
76.044,1.0,47.57
76.544,1.0,47.9
77.044,1.0,47.73
77.544,1.0,47.9
78.044,1.0,48.55
78.544,1.0,49.03
79.044,1.0,48.55
79.544,1.0,48.55
80.044,1.0,49.35
80.544,1.0,49.67
81.044,1.0,49.35
81.544,1.0,48.71
82.044,1.0,49.98
82.544,1.0,49.19
83.044,1.0,49.19
83.544,1.0,49.82
84.044,1.0,49.82
84.544,1.0,50.14
85.044,1.0,49.67
85.544,1.0,49.98
86.044,1.0,50.45
86.544,1.0,50.14
87.044,1.0,50.45
87.544,1.0,51.23
88.044,1.0,51.23
88.544,1.0,51.23
89.044,1.0,51.39
89.544,1.0,51.39
90.044,1.0,51.85
90.544,1.0,52.0
91.044,1.0,51.85
91.544,1.0,52.16
92.044,1.0,52.31
92.544,1.0,52.16
93.044,1.0,52.61
93.544,1.0,53.22
94.044,1.0,53.67
94.544,1.0,53.22
95.044,1.0,53.07
95.544,1.0,53.52
96.044,1.0,53.52
96.544,1.0,54.41
97.044,1.0,54.56
97.544,1.0,54.41
98.044,1.0,54.56
98.544,1.0,54.7
99.044,1.0,55.0
99.544,1.0,55.29
100.044,1.0,54.85
100.544,1.0,55.44
101.044,1.0,55.14
101.544,1.0,56.45
102.044,1.0,55.87
102.544,1.0,56.16
103.044,1.0,56.16
103.544,1.0,56.45
104.044,1.0,56.59
104.544,1.0,56.74
105.044,1.0,57.03
105.544,0.9,57.03
106.044,0.9,57.74
106.544,0.9,57.45
107.044,0.9,56.88
107.544,0.9,55.44
108.044,1.0,55.87
108.544,1.0,57.74
109.044,1.0,58.3
109.544,1.0,57.88
110.044,1.0,58.44
110.544,0.88,58.58
111.044,0.88,58.44
111.544,0.88,59.42
112.044,0.88,59.01
112.544,0.88,59.42
113.044,0.86,59.14
113.544,0.86,59.7
114.044,0.86,59.7
114.544,0.86,59.42
115.044,0.86,60.26
115.544,0.85,60.12
116.044,0.85,60.26
116.544,0.85,60.53
117.044,0.85,61.08
117.544,0.85,60.67
118.044,0.82,60.39
118.544,0.82,61.22
119.044,0.82,60.94
119.544,0.82,62.04
120.044,0.82,61.76
120.544,0.78,61.9
121.044,0.78,61.76
121.544,0.78,62.58
122.044,0.78,62.31
122.544,0.78,62.44
123.044,0.75,62.71
123.544,0.75,62.98
124.044,0.75,63.39
124.544,0.75,63.25
125.044,0.75,63.12
125.544,0.73,63.39
126.044,0.73,63.39
126.544,0.73,64.05
127.044,0.73,63.79
127.544,0.73,63.79
128.044,0.72,63.79
128.544,0.72,64.19
129.044,0.72,64.19
129.544,0.72,64.19
130.044,0.72,64.59
130.544,0.69,64.59
131.044,0.69,64.85
131.544,0.69,65.25
132.044,0.69,64.72
132.544,0.69,65.51
133.044,0.68,65.78
133.544,0.68,64.99
134.044,0.68,65.51
134.544,0.68,65.51
135.044,0.68,65.51
135.544,0.65,65.51
136.044,0.65,65.91
136.544,0.65,65.91
137.044,0.65,66.17
137.544,0.65,66.57
138.044,0.64,66.17
138.544,0.64,66.7
139.044,0.64,66.83
139.544,0.64,66.7
140.044,0.64,66.44
140.544,0.62,66.83
141.044,0.62,66.83
141.544,0.62,67.35
142.044,0.62,66.96
142.544,0.62,67.35
143.044,0.6,67.48
143.544,0.6,67.74
144.044,0.6,67.87
144.544,0.6,67.61
145.044,0.6,67.74
145.544,0.57,67.87
146.044,0.57,68.26
146.544,0.57,68.78
147.044,0.57,68.65
147.544,0.57,68.65
148.044,0.54,68.65
148.544,0.54,69.04
149.044,0.54,69.17
149.544,0.54,69.3
150.044,0.54,69.3
150.544,0.54,69.56
151.044,0.54,69.69
151.544,0.54,70.07
152.044,0.54,70.33
152.544,0.54,70.07
153.044,0.53,70.2
153.544,0.53,70.2
154.044,0.53,70.46
154.544,0.53,70.2
155.044,0.53,70.46
155.544,0.48,70.71
156.044,0.48,70.71
156.544,0.48,70.97
157.044,0.48,70.97
157.544,0.48,71.48
158.044,0.47,71.61
158.544,0.47,71.48
159.044,0.47,71.74
159.544,0.47,71.74
160.044,0.47,72.25
160.544,0.45,72.12
161.044,0.45,71.74
161.544,0.45,72.12
162.044,0.45,72.25
162.544,0.45,72.5
163.044,0.44,71.99
163.544,0.44,72.5
164.044,0.44,72.25
164.544,0.44,72.63
165.044,0.44,72.5
165.544,0.44,72.63
166.044,0.44,72.89
166.544,0.44,72.63
167.044,0.44,73.01
167.544,0.44,73.01
168.044,0.43,73.27
168.544,0.43,73.01
169.044,0.43,73.27
169.544,0.43,72.89
170.044,0.43,73.27
170.544,0.4,73.27
171.044,0.4,73.4
171.544,0.4,73.52
172.044,0.4,73.4
172.544,0.4,73.65
173.044,0.41,73.65
173.544,0.41,73.52
174.044,0.41,73.9
174.544,0.41,73.78
175.044,0.41,73.9
175.544,0.39,74.03
176.044,0.39,74.16
176.544,0.39,74.16
177.044,0.39,73.9
177.544,0.39,74.41
178.044,0.38,74.67
178.544,0.38,74.54
179.044,0.38,74.54
179.544,0.38,74.79
180.044,0.38,74.79
180.544,0.36,75.17
181.044,0.36,75.05
181.544,0.36,74.79
182.044,0.36,75.17
182.544,0.36,75.43
183.044,0.34,75.17
183.544,0.34,75.43
184.044,0.34,75.55
184.544,0.34,75.55
185.044,0.34,75.8
185.544,0.33,75.68
186.044,0.33,75.8
186.544,0.33,75.8
187.044,0.33,76.06
187.544,0.33,76.44
188.044,0.31,75.93
188.544,0.31,75.93
189.044,0.31,76.44
189.544,0.31,76.31
190.044,0.31,76.06
190.544,0.31,76.44
191.044,0.31,76.69
191.544,0.31,76.44
192.044,0.31,76.18
192.544,0.31,76.56
193.044,0.3,76.82
193.544,0.3,76.44
194.044,0.3,76.69
194.544,0.3,76.94
195.044,0.3,76.82
195.544,0.3,76.82
196.044,0.3,76.94
196.544,0.3,76.82
197.044,0.3,77.32
197.544,0.3,77.07
198.044,0.3,76.94
198.544,0.3,77.2
199.044,0.3,77.32
199.544,0.3,77.07
200.044,0.3,77.58
200.544,0.3,77.45
201.044,0.3,77.32
201.544,0.3,77.07
202.044,0.3,77.32
202.544,0.3,77.32
203.044,0.28,77.7
203.544,0.28,77.58
204.044,0.28,77.45
204.544,0.28,77.32
205.044,0.28,77.32
205.544,0.28,77.83
206.044,0.28,77.7
206.544,0.28,77.32
207.044,0.28,78.08
207.544,0.28,77.95
208.044,0.27,77.83
208.544,0.27,77.95
209.044,0.27,77.83
209.544,0.27,77.83
210.044,0.27,77.95
210.544,0.27,78.33
211.044,0.27,78.08
211.544,0.27,78.33
212.044,0.27,77.95
212.544,0.27,78.21
213.044,0.26,78.46
213.544,0.26,78.33
214.044,0.26,78.21
214.544,0.26,78.59
215.044,0.26,78.59
215.544,0.24,78.33
216.044,0.24,79.09
216.544,0.24,78.59
217.044,0.24,78.96
217.544,0.24,78.59
218.044,0.24,78.84
218.544,0.24,78.59
219.044,0.24,78.59
219.544,0.24,79.09
220.044,0.24,78.84
220.544,0.25,78.96
221.044,0.25,78.96
221.544,0.25,78.84
222.044,0.25,78.96
222.544,0.25,79.09
223.044,0.22,79.09
223.544,0.22,78.96
224.044,0.22,79.22
224.544,0.22,79.09
225.044,0.22,79.22
225.544,0.22,79.34
226.044,0.22,79.34
226.544,0.22,79.22
227.044,0.22,79.34
227.544,0.22,79.09
228.044,0.23,79.6
228.544,0.23,79.98
229.044,0.23,79.6
229.544,0.23,79.6
230.044,0.23,80.1
230.544,0.21,80.23
231.044,0.21,79.6
231.544,0.21,79.72
232.044,0.21,80.1
232.544,0.21,80.36
233.044,0.2,80.1
233.544,0.2,79.72
234.044,0.2,79.98
234.544,0.2,79.98
235.044,0.2,79.98
235.544,0.2,80.48
236.044,0.2,79.85
236.544,0.2,80.1
237.044,0.2,80.61
237.544,0.2,80.1
238.044,0.19,80.23
238.544,0.19,80.1
239.044,0.19,80.36
239.544,0.19,80.36
240.044,0.19,80.36
240.544,0.18,80.48
241.044,0.18,80.48
241.544,0.18,80.36
242.044,0.18,80.48
242.544,0.18,80.48
243.044,0.17,80.73
243.544,0.17,80.86
244.044,0.17,80.48
244.544,0.17,80.61
245.044,0.17,80.48
245.544,0.16,80.61
246.044,0.16,80.73
246.544,0.16,80.86
247.044,0.16,80.73
247.544,0.16,80.99
248.044,0.18,80.99
248.544,0.18,80.61
249.044,0.18,80.99
249.544,0.18,80.73
250.044,0.18,80.73
250.544,0.18,80.99
251.044,0.18,80.99
251.544,0.18,80.99
252.044,0.18,80.73
252.544,0.18,80.61
253.044,0.17,81.37
253.544,0.17,80.86
254.044,0.17,80.86
254.544,0.17,80.86
255.044,0.17,80.61
255.544,0.17,80.86
256.044,0.17,80.99
256.544,0.17,81.37
257.044,0.17,81.24
257.544,0.17,80.86
258.044,0.16,81.11
258.544,0.16,80.99
259.044,0.16,81.62
259.544,0.16,81.11
260.044,0.16,81.24
260.544,0.15,81.37
261.044,0.15,81.37
261.544,0.15,81.24
262.044,0.15,81.37
262.544,0.15,81.87
263.044,0.14,81.49
263.544,0.14,81.49
264.044,0.14,81.62
264.544,0.14,81.24
265.044,0.14,81.62
265.544,0.16,81.24
266.044,0.16,81.62
266.544,0.16,81.37
267.044,0.16,81.62
267.544,0.16,81.62
268.044,0.15,81.87
268.544,0.15,81.75
269.044,0.15,81.75
269.544,0.15,81.87
270.044,0.15,81.37
270.544,0.15,81.75
271.044,0.15,81.62
271.544,0.15,82.13
272.044,0.15,82.13
272.544,0.15,81.87
273.044,0.14,82.25
273.544,0.14,81.87
274.044,0.14,81.87
274.544,0.14,82.0
275.044,0.14,81.87
275.544,0.15,81.75
276.044,0.15,81.62
276.544,0.15,81.75
277.044,0.15,81.87
277.544,0.15,81.75
278.044,0.15,82.13
278.544,0.15,82.0
279.044,0.15,82.0
279.544,0.15,82.0
280.044,0.15,82.25
280.544,0.14,82.38
281.044,0.14,82.0
281.544,0.14,82.13
282.044,0.14,81.87
282.544,0.14,82.0
283.044,0.13,82.0
283.544,0.13,82.25
284.044,0.13,82.25
284.544,0.13,82.0
285.044,0.13,82.25
285.544,0.12,82.0
286.044,0.12,82.51
286.544,0.12,82.51
287.044,0.12,82.38
287.544,0.12,82.0
288.044,0.12,82.38
288.544,0.12,82.38
289.044,0.12,82.25
289.544,0.12,82.38
290.044,0.12,82.38
290.544,0.11,82.13
291.044,0.11,82.51
291.544,0.11,82.13
292.044,0.11,82.13
292.544,0.11,82.51
293.044,0.12,82.51
293.544,0.12,82.51
294.044,0.12,82.25
294.544,0.12,82.25
295.044,0.12,82.51
295.544,0.12,82.51
296.044,0.12,82.76
296.544,0.12,82.63
297.044,0.12,82.38
297.544,0.12,82.25
298.044,0.12,82.63
298.544,0.12,82.38
299.044,0.12,82.63
299.544,0.12,82.25
300.044,0.12,82.76
300.544,0.13,82.63
301.044,0.13,82.51
301.544,0.13,82.63
302.044,0.13,82.13
302.544,0.13,82.51
303.044,0.12,82.76
303.544,0.12,82.38
304.044,0.12,82.63
304.544,0.12,82.38
305.044,0.12,82.76
305.544,0.11,82.76
306.044,0.11,82.76
306.544,0.11,82.63
307.044,0.11,82.89
307.544,0.11,82.76
308.044,0.12,82.51
308.544,0.12,82.76
309.044,0.12,82.89
309.544,0.12,82.76
310.044,0.12,82.51
310.544,0.11,83.14
311.044,0.11,82.51
311.544,0.11,82.76
312.044,0.11,82.63
312.544,0.11,83.14
313.044,0.12,82.76
313.544,0.12,82.89
314.044,0.12,83.02
314.544,0.12,82.89
315.044,0.12,82.63
315.544,0.11,82.76
316.044,0.11,82.76
316.544,0.11,83.02
317.044,0.11,82.63
317.544,0.11,82.76
318.044,0.11,82.89
318.544,0.11,82.76
319.044,0.11,82.89
319.544,0.11,82.89
320.044,0.11,83.14
320.544,0.1,83.02
321.044,0.1,83.02
321.544,0.1,83.02
322.044,0.1,83.14
322.544,0.1,83.02
323.044,0.1,82.89
323.544,0.1,83.02
324.044,0.1,83.02
324.544,0.1,83.02
325.044,0.1,83.02
325.544,0.1,83.14
326.044,0.1,83.14
326.544,0.1,83.27
327.044,0.1,82.89
327.544,0.1,82.89
328.044,0.1,82.89
328.544,0.1,83.02
329.044,0.1,83.14
329.544,0.1,83.14
330.044,0.1,83.02
330.544,0.11,82.89
331.044,0.11,83.27
331.544,0.11,83.27
332.044,0.11,82.89
332.544,0.11,83.02
333.044,0.1,83.27
333.544,0.1,83.14
334.044,0.1,83.14
334.544,0.1,83.14
335.044,0.1,82.89
335.544,0.1,83.27
336.044,0.1,82.89
336.544,0.1,83.4
337.044,0.1,83.14
337.544,0.1,83.02
338.044,0.1,83.14
338.544,0.1,83.27
339.044,0.1,83.14
339.544,0.1,83.27
340.044,0.1,83.4
340.544,0.1,83.27
341.044,0.1,83.02
341.544,0.1,82.89
342.044,0.1,83.65
342.544,0.1,83.02
343.044,0.11,83.27
343.544,0.11,83.14
344.044,0.11,83.14
344.544,0.11,83.02
345.044,0.11,83.14
345.544,0.1,83.02
346.044,0.1,83.02
346.544,0.1,83.27
347.044,0.1,83.4
347.544,0.1,83.65
348.044,0.1,83.27
348.544,0.1,83.65
349.044,0.1,83.52
349.544,0.1,83.27
350.044,0.1,83.4
350.544,0.1,83.65
351.044,0.1,83.65
351.544,0.1,83.52
352.044,0.1,83.27
352.544,0.1,83.65
353.044,0.1,83.27
353.544,0.1,83.4
354.044,0.1,83.27
354.544,0.1,83.65
355.044,0.1,83.52
355.544,0.1,83.91
356.044,0.1,83.65
356.544,0.1,83.4
357.044,0.1,83.4
357.544,0.1,83.65
358.044,0.1,83.78
358.544,0.1,83.65
359.044,0.1,83.52
359.544,0.1,83.52
360.044,0.1,84.03
360.544,0.1,83.65
361.044,0.1,83.27
361.544,0.1,83.52
362.044,0.1,83.65
362.544,0.1,83.65
363.044,0.1,83.65
363.544,0.1,83.4
364.044,0.1,83.65
364.544,0.1,83.27
365.044,0.1,83.4
365.544,0.1,83.65
366.044,0.1,83.27
366.544,0.1,83.65
367.044,0.1,83.52
367.544,0.1,83.4
368.044,0.1,83.78
368.544,0.1,83.52
369.044,0.1,83.52
369.544,0.1,83.52
370.044,0.1,83.4
370.544,0.1,83.65
371.044,0.1,83.52
371.544,0.1,83.65
372.044,0.1,83.27
372.544,0.1,83.52
373.044,0.1,83.65
373.544,0.1,83.52
374.044,0.1,83.4
374.544,0.1,83.91
375.044,0.1,83.27
375.544,0.1,83.27
376.044,0.1,83.78
376.544,0.1,83.65
377.044,0.1,83.4
377.544,0.1,83.65
378.044,0.1,83.65
378.544,0.1,83.78
379.044,0.1,83.52
379.544,0.1,83.65
380.044,0.1,83.65
380.544,0.1,83.65
381.044,0.1,83.78
381.544,0.1,83.4
382.044,0.1,83.65
382.544,0.1,83.4
383.044,0.1,83.65
383.544,0.1,83.52
384.044,0.1,83.65
384.544,0.1,83.65
385.044,0.1,83.52
385.544,0.1,83.78
386.044,0.1,83.4
386.544,0.1,83.65
387.044,0.1,83.52
387.544,0.1,83.78
388.044,0.1,83.91
388.544,0.1,83.78
389.044,0.1,83.91
389.544,0.1,84.16
390.044,0.1,83.78
390.544,0.1,83.78
391.044,0.1,83.52
391.544,0.1,84.16
392.044,0.1,84.16
392.544,0.1,83.91
393.044,0.1,83.91
393.544,0.1,83.91
394.044,0.1,83.65
394.544,0.1,84.03
395.044,0.1,84.03
395.544,0.1,84.03
396.044,0.1,83.91
396.544,0.1,84.29
397.044,0.1,84.03
397.544,0.1,84.29
398.044,0.1,84.16
398.544,0.1,83.78
399.044,0.1,83.65
399.544,0.1,83.65
400.044,0.1,84.03
400.544,0.1,83.91
401.044,0.1,83.91
401.544,0.1,83.91
402.044,0.1,83.65
402.544,0.1,83.52
403.044,0.1,83.91
403.544,0.1,83.91
404.044,0.1,83.52
404.544,0.1,83.78
405.044,0.1,83.78
405.544,0.1,83.78
406.044,0.1,83.52
406.544,0.1,83.78
407.044,0.1,83.78
407.544,0.1,83.52
408.044,0.1,83.78
408.544,0.1,83.65
409.044,0.1,83.91
409.544,0.1,83.65
410.044,0.1,83.78
410.544,0.1,83.91
411.044,0.1,83.65
411.544,0.1,84.16
412.044,0.1,84.03
412.544,0.1,83.91
413.044,0.1,83.91
413.544,0.1,83.65
414.044,0.1,84.03
414.544,0.1,83.91
415.044,0.1,83.78
415.544,0.1,83.78
416.044,0.1,83.78
416.544,0.1,84.03
417.044,0.1,83.91
417.544,0.1,83.91
418.044,0.1,84.03
418.544,0.1,83.78
419.044,0.1,84.03
419.544,0.1,84.29
420.044,0.1,84.03
420.544,0.1,83.91
421.044,0.1,83.91
421.544,0.1,83.78
422.044,0.1,83.91
422.544,0.1,83.91
423.044,0.1,84.42
423.544,0.1,84.03
424.044,0.1,84.03
424.544,0.1,84.42
425.044,0.1,84.03
425.544,0.1,84.03
426.044,0.1,84.03
426.544,0.1,84.16
427.044,0.1,83.91
427.544,0.1,84.16
428.044,0.1,84.29
428.544,0.1,83.91
429.044,0.1,84.03
429.544,0.1,83.78
430.044,0.1,84.03
430.544,0.1,84.03
431.044,0.1,83.91
431.544,0.1,84.16
432.044,0.1,84.16
432.544,0.1,84.16
433.044,0.1,83.91
433.544,0.1,84.29
434.044,0.1,84.03
434.544,0.1,84.16
435.044,0.1,84.16
435.544,0.1,84.29
436.044,0.1,84.03
436.544,0.1,84.03
437.044,0.1,84.16
437.544,0.1,84.54
438.044,0.1,84.16
438.544,0.1,84.03
439.044,0.1,84.03
439.544,0.1,84.03
440.044,0.1,84.29
440.544,0.1,84.29
441.044,0.1,84.16
441.544,0.1,84.42
442.044,0.1,84.16
442.544,0.1,84.16
443.044,0.1,84.29
443.544,0.1,84.42
444.044,0.1,84.29
444.544,0.1,84.16
445.044,0.1,84.29
445.544,0.1,84.16
446.044,0.1,84.42
446.544,0.1,84.67
447.044,0.1,84.29
447.544,0.1,84.16
448.044,0.1,84.42
448.544,0.1,84.29
449.044,0.1,84.29
449.544,0.1,84.16
450.044,0.1,84.03
450.544,0.1,84.03
451.044,0.1,84.03
451.544,0.1,84.54
452.044,0.1,84.03
452.544,0.1,84.03
453.044,0.1,84.03
453.544,0.1,84.16
454.044,0.1,84.54
454.544,0.1,84.03
455.044,0.1,84.16
455.544,0.1,84.16
456.044,0.1,84.29
456.544,0.1,83.91
457.044,0.1,84.16
457.544,0.1,84.16
458.044,0.1,84.29
458.544,0.1,84.67
459.044,0.1,84.42
459.544,0.1,84.03
460.044,0.1,84.54
460.544,0.1,84.42
461.044,0.1,84.29
461.544,0.1,84.42
462.044,0.1,84.42
462.544,0.1,84.42
463.044,0.1,84.8
463.544,0.1,84.67
464.044,0.1,84.54
464.544,0.1,84.8
465.044,0.1,84.54
465.544,0.1,84.29
466.044,0.1,84.8
466.544,0.1,84.8
467.044,0.1,84.8
467.544,0.1,84.54
468.044,0.1,84.67
468.544,0.1,84.54
469.044,0.1,84.54
469.544,0.1,84.54
470.044,0.1,84.54
470.544,0.1,84.67
471.044,0.1,84.67
471.544,0.1,84.8
472.044,0.1,84.67
472.544,0.1,84.67
473.044,0.1,84.8
473.544,0.1,84.67
474.044,0.1,84.67
474.544,0.1,84.67
475.044,0.1,84.67
475.544,0.0,84.67
476.044,0.0,84.93
476.544,0.0,84.93
477.044,0.0,84.93
477.544,0.0,84.54
478.044,0.0,84.8
478.544,0.0,84.67
479.044,0.0,84.67
479.544,0.0,84.8
480.044,0.0,84.67
480.544,0.0,84.67
481.044,0.0,84.67
481.544,0.0,84.8
482.044,0.0,84.67
482.544,0.0,84.67
483.044,0.0,84.54
483.544,0.0,84.54
484.044,0.0,84.67
484.544,0.0,84.42
485.044,0.0,84.8
485.544,0.1,84.8
486.044,0.1,84.54
486.544,0.1,84.67
487.044,0.1,85.05
487.544,0.1,84.8
488.044,0.0,84.54
488.544,0.0,84.54
489.044,0.0,84.93
489.544,0.0,84.67
490.044,0.0,84.67
490.544,0.1,85.05
491.044,0.1,84.93
491.544,0.1,84.67
492.044,0.1,84.67
492.544,0.1,84.67
493.044,0.1,84.67
493.544,0.1,84.67
494.044,0.1,84.93
494.544,0.1,85.05
495.044,0.1,84.42
495.544,0.0,84.54
496.044,0.0,84.67
496.544,0.0,84.8
497.044,0.0,84.8
497.544,0.0,84.67
498.044,0.1,85.05
498.544,0.1,84.67
499.044,0.1,84.54
499.544,0.1,84.29
500.044,0.1,84.67
500.544,0.1,84.93
501.044,0.1,84.93
501.544,0.1,84.54
502.044,0.1,84.42
502.544,0.1,84.29
503.044,0.1,84.42
503.544,0.1,84.42
504.044,0.1,84.29
504.544,0.1,84.67
505.044,0.1,84.8
505.544,0.1,84.42
506.044,0.1,84.42
506.544,0.1,84.16
507.044,0.1,84.29
507.544,0.1,84.29
508.044,0.1,84.8
508.544,0.1,84.16
509.044,0.1,84.42
509.544,0.1,84.29
510.044,0.1,84.67
510.544,0.1,84.42
511.044,0.1,84.67
511.544,0.1,84.54
512.044,0.1,84.8
512.544,0.1,84.29
513.044,0.1,84.93
513.544,0.1,84.67
514.044,0.1,84.42
514.544,0.1,84.54
515.044,0.1,84.54
515.544,0.1,84.54
516.044,0.1,84.42
516.544,0.1,84.54
517.044,0.1,84.93
517.544,0.1,84.42
518.044,0.1,84.67
518.544,0.1,84.54
519.044,0.1,84.54
519.544,0.1,84.54
520.044,0.1,84.29
520.544,0.1,84.54
521.044,0.1,84.29
521.544,0.1,84.42
522.044,0.1,84.42
522.544,0.1,84.8
523.044,0.1,84.54
523.544,0.1,84.93
524.044,0.1,84.29
524.544,0.1,84.42
525.044,0.1,84.42
525.544,0.1,84.54
526.044,0.1,84.29
526.544,0.1,84.29
527.044,0.1,84.29
527.544,0.1,84.16
528.044,0.1,84.67
528.544,0.1,84.67
529.044,0.1,84.29
529.544,0.1,84.8
530.044,0.1,84.16
530.544,0.1,84.54
531.044,0.1,84.93
531.544,0.1,84.54
532.044,0.1,84.54
532.544,0.1,84.42
533.044,0.1,84.67
533.544,0.1,84.67
534.044,0.1,84.67
534.544,0.1,84.93
535.044,0.1,84.54
535.544,0.0,84.54
536.044,0.0,84.67
536.544,0.0,84.8
537.044,0.0,84.54
537.544,0.0,84.67
538.044,0.1,84.93
538.544,0.1,84.54
539.044,0.1,84.8
539.544,0.1,84.8
540.044,0.1,84.8
540.544,0.0,84.67
541.044,0.0,84.67
541.544,0.0,85.05
542.044,0.0,84.54
542.544,0.0,84.67
543.044,0.0,84.54
543.544,0.0,84.67
544.044,0.0,85.05
544.544,0.0,84.42
545.044,0.0,84.42
545.544,0.1,84.93
546.044,0.1,84.8
546.544,0.1,84.67
547.044,0.1,84.67
547.544,0.1,84.8
548.044,0.1,84.67
548.544,0.1,84.93
549.044,0.1,84.67
549.544,0.1,85.05
550.044,0.1,85.18
550.544,0.0,84.54
551.044,0.0,85.05
551.544,0.0,84.67
552.044,0.0,85.05
552.544,0.0,85.05
553.044,0.0,85.05
553.544,0.0,85.05
554.044,0.0,84.93
554.544,0.0,84.93
555.044,0.0,84.93
