time,temperature,temperature_filtered
0.513,22.27,22.569153020892134
0.913,22.87,22.598627893845272
1.313,22.57,22.624590032393225
1.713,22.57,22.647039436535994
2.113,22.87,22.665976106273583
2.513,22.57,22.681400041605986
2.913,22.87,22.693311242533206
3.313,22.87,22.701709709055244
3.713,22.57,22.706595441172094
4.113,22.87,22.707968438883768
4.513,22.57,22.705828702189923
4.913,22.57,22.666502124877073
5.313,22.57,22.665129127165404
5.713,22.87,22.625312193526963
6.113,22.57,22.60667865315429
6.513,22.57,22.609228506047394
6.913,22.57,22.573334423013723
7.313,22.57,22.585691402418757
7.713,22.57,22.58667211506995
8.113,22.57,22.5762765609673
8.513,22.57,22.614132069303356
8.913,22.57,22.630313828048045
9.313,22.57,22.641592023536766
9.713,22.87,22.647966655769526
10.113,22.57,22.676505393919243
10.513,22.57,22.68435109512879
10.913,22.87,22.688273945733563
11.313,22.57,22.688273945733563
11.713,22.87,22.68435109512879
12.113,22.87,22.676505393919246
12.513,22.57,22.664736842104926
12.913,22.57,22.632275253350432
13.313,22.57,22.621977770512903
13.713,22.57,22.59000653808401
14.113,22.57,22.58951618175841
14.513,22.57,22.57666884602778
14.913,22.57,22.550483818240924
15.313,22.57,22.563135011441315
15.713,22.57,22.55303367113402
16.113,22.57,22.58814318404674
16.513,22.57,22.649731938541674
16.913,22.87,22.692000653808098
17.313,22.57,22.754864334749584
17.713,22.87,22.83440013076135
18.113,22.87,22.910474011114403
18.513,22.87,23.004380516508327
18.913,23.17,23.111248774108844
19.313,23.17,23.209996730957485
19.713,23.47,23.320970905524334
20.113,23.47,23.422700228832603
20.513,23.47,23.533713631905503
20.913,23.77,23.63106570774728
21.313,23.77,23.744655116050644
21.713,23.77,23.848290290944398
22.113,24.06,23.977211507028084
22.513,24.06,24.091379535795657
22.913,24.06,24.207525335076465
23.313,24.35,24.3290912062762
23.713,24.35,24.455233736514842
24.113,24.63,24.588934292252006
24.513,24.63,24.730317097090186
24.913,24.92,24.855920235370668
25.313,25.2,25.007920889179104
25.713,25.2,25.16127819548835
26.113,25.2,25.307721477606684
26.513,25.48,25.450052304674358
26.913,25.48,25.573121935272592
27.313,25.75,25.7072965021245
27.713,25.75,25.846175220659966
28.113,26.03,25.95119646943407
28.513,26.03,26.06384439359229
28.913,26.3,26.161242236024457
29.313,26.3,26.2477966655766
29.713,26.3,26.3337986270019
30.113,26.3,26.42086302713266
30.513,26.57,26.4873618829679
30.913,26.84,26.559539065053546
31.313,26.57,26.637322654461848
31.713,26.57,26.72266100032651
32.113,26.84,26.81607388035266
32.513,26.84,26.92100359594599
32.913,26.84,27.022072572735787
33.313,27.1,27.14452762340594
33.713,27.37,27.287299771166644
34.113,27.37,27.427881660673016
34.513,27.63,27.579480222294457
34.913,27.89,27.74313174239906
35.313,27.89,27.927401111473923
35.713,28.15,28.10617195161776
36.113,28.15,28.271019941156823
36.513,28.4,28.44309905197735
36.913,28.66,28.619051977770088
37.313,28.91,28.78805818895021
37.713,28.91,28.9493396534811
38.113,29.16,29.123622098724645
38.513,29.16,29.272523700555304
38.913,29.41,29.41708401438335
39.313,29.66,29.564432821182955
39.713,29.66,29.710294213794917
40.113,29.9,29.85421706439969
40.513,30.15,29.97947695325225
40.913,30.15,30.106214449165947
41.313,30.15,30.253517489375167
41.713,30.39,30.406253677671994
42.113,30.39,30.560967636482054
42.513,30.63,30.717126511931546
42.913,30.87,30.871340307289508
43.313,31.1,31.023141549525526
43.713,31.1,31.191762013729516
44.113,31.34,31.353942464857337
44.513,31.58,31.509195815625553
44.913,31.81,31.665864661653664
45.313,31.81,31.820670153644507
45.713,32.04,31.964458973520287
46.113,32.04,32.096874795684386
46.513,32.27,32.20383458646569
46.913,32.27,32.31700228832904
47.313,32.5,32.435560640731794
47.713,32.5,32.54627656096716
48.113,32.5,32.63504740111099
48.513,32.73,32.722991173585655
48.913,32.95,32.817531873160675
49.313,32.95,32.9361261850273
49.713,32.95,33.04554429552092
50.113,33.18,33.16529584831596
50.513,33.4,33.28187316116328
50.913,33.4,33.42552795031006
51.313,33.4,33.562409284079266
51.713,33.62,33.71196469434406
52.113,33.85,33.87093494606031
52.513,34.07,34.018231448185176
52.913,34.28,34.183517489375106
53.313,34.28,34.35276234063368
53.713,34.5,34.5116247139583
54.113,34.72,34.669114089571245
54.513,34.93,34.82430532853823
54.913,34.93,34.99326577312796
55.313,35.15,35.15454396861667
55.713,35.36,35.28724746649179
56.113,35.36,35.42033344230089
56.513,35.57,35.54195488721752
56.913,35.57,35.66812683883569
57.313,35.78,35.79719516181706
57.713,35.99,35.89806472703445
58.113,35.99,36.001229159855626
58.513,36.2,36.09547564563529
58.913,36.2,36.19797973193801
59.313,36.2,36.278430859757556
59.713,36.41,36.35692710035906
60.113,36.41,36.450709382150485
60.513,36.61,36.54127165740384
60.913,36.61,36.62961425302332
61.313,36.61,36.70412880026098
61.713,36.82,36.79441974501416
62.113,36.82,36.88981366459573
62.513,37.02,37.00112781954832
62.913,37.02,37.10088917946987
63.313,37.23,37.195632559659465
63.713,37.43,37.284932984634956
64.113,37.43,37.39783916312465
64.513,37.43,37.52653481529856
64.913,37.63,37.65323635174838
65.313,37.83,37.76758417783533
65.713,37.83,37.87949656750516
66.113,38.03,37.95709382150974
66.513,37.83,38.07172605426553
66.913,38.23,38.20905851585429
67.313,38.43,38.32360902255583
67.713,38.63,38.41188623733189
68.113,38.63,38.53477933965291
68.513,38.43,38.667492644654544
68.913,38.63,38.77578947368364
69.313,38.82,38.87714285714228
69.713,38.82,38.96725727361825
70.113,39.6,39.050967636481936
70.513,39.21,39.165812356978826
70.913,39.02,39.22656423667808
71.313,39.21,39.33303040209161
71.713,39.79,39.445547564563
72.113,39.6,39.56995096436685
72.513,39.41,39.70468453742994
72.913,39.6,39.814122262176596
73.313,39.79,39.92434782608636
73.713,40.17,40.049738476625755
74.113,40.36,40.1615037593979
74.513,40.17,40.337564563582276
74.913,40.74,40.492984635501195
75.313,40.55,40.61438051650806
75.713,40.74,40.75867930696246
76.113,40.93,40.896629617521455
76.513,40.93,41.01149395227137
76.913,41.11,41.105047401110866
77.313,41.3,41.196489048708116
77.713,41.3,41.27377574370648
78.113,41.48,41.3597090552462
78.513,41.48,41.45914024190851
78.913,41.48,41.52757437070877
79.313,41.67,41.62536122915924
79.713,41.3,41.71313174239886
80.113,41.85,41.80136319058454
80.513,42.03,41.90562602157505
80.913,42.03,41.988604118992505
81.313,42.03,42.081768551813695
81.713,42.22,42.19982347172216
82.113,42.4,42.33455704478525
82.513,42.4,42.490395554102015
82.913,42.58,42.60604772801506
83.313,42.76,42.70267407649496
83.713,42.76,42.820758417782955
84.113,42.94,42.89861719516118
84.513,42.94,43.013383458645976
84.913,43.3,43.13343249427854
85.313,43.47,43.25645635828638
85.713,43.47,43.36480876103237
86.113,43.3,43.483700555736526
86.513,43.12,43.60169663288591
86.913,43.65,43.70705132396143
87.313,44.0,43.82326904217
87.713,44.0,43.93898005884211
88.113,44.18,44.04337365151945
88.513,44.18,44.15998692383066
88.913,44.35,44.26180124223537
89.313,44.35,44.38862700228768
89.713,44.53,44.50983981693298
90.113,44.53,44.639225237004894
90.513,44.7,44.74455377574305
90.913,44.87,44.816423667864655
91.313,44.87,44.90890813991433
91.713,45.05,45.02132723112062
92.113,45.22,45.1326315789467
92.513,45.22,45.26509643674336
92.913,45.39,45.391343576331465
93.313,45.39,45.52417783589341
93.713,45.73,45.65212160836807
94.113,45.73,45.78745668519056
94.513,45.9,45.92660019614185
94.913,46.07,46.06708728342527
95.313,46.24,46.22036286368025
95.713,46.41,46.359150049034945
96.113,46.57,46.497257273618146
96.513,46.57,46.6456358287015
96.913,46.74,46.77707420725658
97.313,46.91,46.91348806799538
97.713,47.07,47.02822491010065
98.113,47.24,47.148725073552754
98.513,47.24,47.262278522392236
98.913,47.4,47.36713958809999
99.313,47.4,47.4659692710029
99.713,47.57,47.57183393265702
100.113,47.73,47.67407322654392
100.513,47.73,47.77559333115327
100.913,47.9,47.86542334096038
101.313,47.9,47.96529584831573
101.713,48.06,48.06461588754424
102.113,48.22,48.175299117357895
102.513,48.22,48.28786531546185
102.913,48.38,48.391405688132664
103.313,48.55,48.49842759071521
103.713,48.55,48.5986171951611
104.113,48.71,48.712935599868516
104.513,48.87,48.83001634521013
104.913,49.03,48.94799607714867
105.313,49.03,49.06591369728597
105.713,49.19,49.1724354364164
106.113,49.19,49.28858777378155
106.513,49.35,49.40415495259815
106.913,49.51,49.50749264465438
107.313,49.67,49.61071592023464
107.713,49.82,49.72684210526242
108.113,49.82,49.83072572736115
108.513,49.98,49.93364498201953
108.913,49.98,50.039395227197694
109.313,50.14,50.15034324942718
109.713,50.3,50.25588100686424
110.113,50.3,50.38415822164032
110.513,50.45,50.47979078130033
110.913,50.61,50.58163779012674
111.313,50.77,50.700062111800484
111.713,50.77,50.823471722784475
112.113,50.92,50.937597254003826
112.513,51.08,51.073919581561846
112.913,51.23,51.22471068976714
113.313,51.39,51.36453416148992
113.713,51.54,51.51276234063343
114.113,51.39,51.64109839816857
114.513,51.85,51.77304674730227
114.913,52.0,51.913085975808315
115.313,52.0,52.05031709708978
115.713,52.16,52.19523373651443
116.113,52.61,52.314112455049894
116.513,52.46,52.438564890486305
116.913,52.46,52.55775743707015
117.313,52.61,52.673520758417
117.713,52.61,52.7877182085641
118.113,53.07,52.90168682575927
118.513,53.07,52.99864007845623
118.913,53.07,53.11118993134932
119.313,53.22,53.216041189930564
119.713,53.22,53.32350768224831
120.113,53.52,53.43183066361477
120.513,53.52,53.56861065707669
120.913,53.67,53.70975482183641
121.313,53.81,53.82602157567752
121.713,53.96,53.94188296828949
122.113,54.11,54.036544622424834
122.513,54.11,54.18609676364745
122.913,54.26,54.3142203334415
123.313,54.56,54.42402419091126
123.713,54.56,54.54651193200312
124.113,54.7,54.65726708074454
124.513,54.85,54.7873259235036
124.913,54.7,54.9038509316762
125.313,55.0,55.017911082052144
125.713,55.14,55.12985943118584
126.113,55.44,55.25076495586711
126.513,55.14,55.370268061457175
126.913,55.44,55.47713958809986
127.313,55.73,55.581052631578125
127.713,55.73,55.69829029094393
128.113,55.87,55.80874468780564
128.513,55.87,55.92268061457909
128.913,56.02,56.042536776723594
129.313,56.16,56.14315789473601
129.713,56.31,56.25525335076739
130.113,56.31,56.379718862372485
130.513,56.45,56.512101994114886
130.913,56.59,56.62585158548462
131.313,56.74,56.73237005557288
131.713,56.88,56.88525008172522
132.113,57.03,57.02770513239537
132.513,57.17,57.169228506046885
132.913,57.31,57.30668192219595
133.313,57.45,57.43782935599784
133.713,57.6,57.56381170317012
134.113,57.6,57.68723112128061
134.513,57.88,57.79607061131003
134.913,57.88,57.908126838835365
135.313,58.3,58.01246812683798
135.713,58.02,58.11225563909688
136.113,58.16,58.207793396533944
136.513,58.3,58.293922850603906
136.913,58.3,58.39188296828942
137.313,58.44,58.49084014383699
137.713,58.58,58.58476626348392
138.113,58.72,58.6963615560632
138.513,58.87,58.793808434127925
138.913,58.87,58.91893756129366
139.313,59.01,59.033223275579374
139.713,59.14,59.1902582543306
140.113,59.28,59.326185027785975
140.513,59.56,59.46542987904456
140.913,59.56,59.60949983654701
141.313,59.7,59.75366786531458
141.713,59.98,59.89410918600761
142.113,59.98,60.03180451127731
142.513,60.26,60.16829355998603
142.913,60.26,60.30458973520669
143.313,60.53,60.43637463223186
143.713,60.53,60.559888852565294
144.113,60.67,60.6758352402737
144.513,60.81,60.78491663942375
144.913,60.94,60.90081072245742
145.313,60.94,61.005122589080486
145.713,61.08,61.10585485452672
146.113,61.22,61.21727688787095
146.513,61.35,61.319597907812096
146.913,61.49,61.434946060803284
147.313,61.49,61.55138934292162
147.713,61.63,61.67018633540281
148.113,61.76,61.78476953252605
148.513,61.9,61.904668192218764
148.913,62.04,62.030156914023266
149.313,62.17,62.16933638443844
149.713,62.31,62.29966328865551
150.113,62.44,62.4297973193845
150.513,62.58,62.56004576658946
150.913,62.71,62.69127492644562
151.313,62.71,62.82491010133938
151.713,62.98,62.9486596927091
152.113,63.12,63.0789604445888
152.513,63.25,63.20407976462803
152.913,63.39,63.32547564563489
153.313,63.39,63.443520758416845
153.713,63.52,63.55914677999252
154.113,63.65,63.673844393591736
154.513,63.79,63.794942791761066
154.913,63.92,63.91210199411478
155.313,64.05,64.02671134357539
155.713,64.19,64.12808761032922
156.113,64.19,64.24401765282677
156.513,64.32,64.35008499509549
156.913,64.45,64.45801242235929
157.313,64.59,64.57068322981272
157.713,64.72,64.67692056227429
158.113,64.85,64.78467799934522
158.513,64.85,64.89464203988135
158.913,64.99,65.0084014383776
159.313,65.12,65.12555737168913
159.713,65.25,65.24769859431092
160.113,65.25,65.37641386073783
160.513,65.51,65.50013403072803
160.913,65.65,65.62642039882218
161.313,65.78,65.75556717881564
161.713,65.91,65.88877084014287
162.113,66.04,66.02579928080974
162.513,66.17,66.16697940503336
162.913,66.3,66.3081758744678
163.313,66.44,66.44615560640634
163.713,66.57,66.58071918927655
164.113,66.7,66.71222621771722
164.513,66.83,66.83657404380418
164.913,66.96,66.96138934292154
165.313,67.09,67.08109186008402
165.713,67.22,67.19593984962307
166.113,67.35,67.31401765282672
166.513,67.48,67.42483818241155
166.913,67.48,67.5296436744024
167.313,67.61,67.6296763648241
167.713,67.74,67.72708074534061
168.113,67.87,67.8225727361873
168.513,67.87,67.9174272638107
168.913,68.0,68.01291925465738
169.313,68.13,68.11032363517388
169.713,68.26,68.21091533180676
170.113,68.26,68.31596927100259
170.513,68.39,68.42676037920788
170.913,68.52,68.53785550833504
171.313,68.65,68.64923504413106
171.713,68.78,68.76862373324514
172.113,68.91,68.90374632232653
172.513,69.04,69.04375612945304
172.913,69.17,69.17780647270247
173.313,69.3,69.31362209872405
173.713,69.43,69.45221967963285
174.113,69.56,69.59318731611535
174.513,69.69,69.7252860411889
174.913,69.94,69.86311539718758
175.313,70.07,69.99543641712873
175.713,70.2,70.12273945733796
176.113,70.2,70.24607388035201
176.513,70.33,70.36506047727912
176.913,70.46,70.48022229486656
177.313,70.59,70.59208237986165
177.713,70.71,70.70843085975704
178.113,70.84,70.81177835893978
178.513,70.97,70.91350768224805
178.913,70.97,71.02144164759619
179.313,71.1,71.12839163125099
179.713,71.23,71.24759398496136
180.113,71.35,71.36198430859652
180.513,71.48,71.47164105916859
180.913,71.61,71.58438705459194
181.313,71.74,71.7080451127809
181.713,71.74,71.83242562928956
182.113,71.99,71.95673749591263
182.513,72.12,72.0825204315125
182.913,72.12,72.21075514874035
183.313,72.38,72.33125204315029
183.713,72.38,72.4582314481846
184.113,72.63,72.5737103628626
184.513,72.76,72.68966328865534
184.913,72.89,72.81360248447098
185.313,72.89,72.93481203007411
185.713,73.01,73.05430532853767
186.113,73.14,73.16863354037159
186.513,73.27,73.27846681922088
186.913,73.4,73.38893756129346
187.313,73.52,73.48932984635394
187.713,73.52,73.59978751225782
188.113,73.78,73.70145799280702
188.513,73.9,73.81305655442847
188.913,73.9,73.92944753187206
189.313,74.03,74.05077476299334
189.713,74.16,74.16635501797863
190.113,74.16,74.29044132069194
190.513,74.41,74.4061686825749
190.913,74.54,74.53225237005447
191.313,74.67,74.65856815952816
191.713,74.79,74.78439032363407
192.113,74.92,74.89959463876973
192.513,75.05,75.03106570774652
192.913,75.17,75.1609349460597
193.313,75.3,75.27860084994985
193.713,75.43,75.39237659365696
194.113,75.43,75.50386727688677
194.513,75.68,75.60152010460824
194.913,75.68,75.70408303367002
195.313,75.8,75.80645308924373
195.713,75.93,75.9088067996066
196.113,76.06,76.01132069303581
196.513,76.06,76.11615887544838
196.913,76.18,76.22349787512147
197.313,76.31,76.34078130107766
197.713,76.44,76.45830990519664
198.113,76.56,76.58482183720056
198.513,76.69,76.69204642039769
198.913,76.82,76.81725073553335
199.313,76.94,76.93272311212701
199.713,77.07,77.04542987904429
200.113,77.2,77.15740111147319
200.513,77.32,77.27066688460167
200.913,77.45,77.37409937888083
201.313,77.45,77.47514220333326
201.713,77.58,77.57595946387593
202.113,77.58,77.67672768878603
202.513,77.83,77.77818241255196
202.913,77.83,77.87379208891679
203.313,77.95,77.97649885583408
203.713,78.08,78.08518470088148
204.113,78.21,78.2010624387043
204.513,78.33,78.32534488394785
204.913,78.46,78.45691402418976
205.313,78.59,78.59698267407533
205.713,78.71,78.7417423994758
206.113,78.84,78.8879437724735
206.513,78.96,79.03090879372226
206.913,79.22,79.17768878718418
207.313,79.34,79.31819221967845
207.713,79.47,79.45540045766472
208.113,79.6,79.57961425302268
208.513,79.72,79.69286368094029
208.913,79.85,79.80211507028322
209.313,79.98,79.89809414841332
209.713,79.98,79.98325596600077
210.113,80.1,80.05772474664805
210.513,80.1,80.13122262177063
210.913,80.23,80.19343903236232
211.313,80.23,80.25950964367321
211.713,80.23,80.32310885910309
212.113,80.36,80.39477607061012
212.513,80.48,80.46592023536985
212.913,80.48,80.53933638443817
213.313,80.61,80.61781954887098
213.713,80.73,80.71177508989747
214.113,80.86,80.80130761686706
214.513,80.86,80.89647924158102
214.913,80.99,80.98835567178696
215.313,81.11,81.08691729323189
215.713,81.24,81.18370709382032
216.113,81.24,81.27568159529137
216.513,81.37,81.37200392284942
216.913,81.49,81.47422687152545
217.313,81.62,81.57217391304226
217.713,81.62,81.67458319712205
218.113,81.75,81.78202353710242
218.513,81.87,81.90375939849503
218.913,82.0,82.01875449493178
219.313,82.13,82.14211180124101
219.713,82.25,82.26309578293437
220.113,82.38,82.3841288002603
220.513,82.51,82.50261196469312
220.913,82.63,82.61650539391836
221.313,82.76,82.72590062111679
221.713,82.89,82.83322000653685
222.113,83.02,82.93586466165291
222.513,83.02,83.03123569793928
222.913,83.14,83.1208532200053
223.313,83.14,83.2135044132057
223.713,83.27,83.29974828375164
224.113,83.4,83.38097090552345
224.513,83.4,83.46725400457542
224.913,83.52,83.55681595292455
225.313,83.65,83.6401307616856
225.713,83.78,83.72138934292128
226.113,83.78,83.8100621118
226.513,83.91,83.89795031055777
226.913,84.03,83.98412226217594
227.313,84.03,84.06674403399678
227.713,84.16,84.13814318404583
228.113,84.29,84.21592677345413
228.513,84.29,84.2924223602472
228.913,84.29,84.35852893102197
229.313,84.42,84.43098398169211
229.713,84.54,84.50211507028315
230.113,84.54,84.57542007191769
230.513,84.67,84.64993461915535
230.913,84.67,84.72525335076698
231.313,84.8,84.80310232101868
231.713,84.93,84.88307616868133
232.113,84.93,84.96421052631455
232.513,85.05,85.05727034978626
232.913,85.18,85.14271984308472
233.313,85.18,85.22686171951491
233.713,85.31,85.30873161163655
234.113,85.44,85.39092513893303
234.513,85.44,85.4662961752194
234.913,85.56,85.55154952598761
235.313,85.69,85.62672441974375
235.713,85.69,85.70216083687353
236.113,85.82,85.78093167701736
236.513,85.82,85.85438051650738
236.913,85.95,85.93152010460807
237.313,85.95,86.0160836874783
237.713,86.08,86.09808761032889
238.113,86.21,86.18702190258128
238.513,86.33,86.28510951291143
238.913,86.33,86.38284406668717
239.313,86.46,86.4883883622086
239.713,86.59,86.604066688459
240.113,86.72,86.71991500490228
240.513,86.85,86.83727361882839
240.913,86.98,86.95705786204513
241.313,87.1,87.08031709708925
241.713,87.23,87.20624713958682
242.113,87.36,87.33452108532072
242.513,87.49,87.46884929715463
242.913,87.62,87.61888198757634
243.313,87.75,87.76497221314025
243.713,87.88,87.92405688133246
244.113,88.01,88.08625040862896
244.513,88.27,88.25440013076039
244.913,88.4,88.43729323308139
245.313,88.65,88.63198757763843
245.713,88.78,88.83463877083884
246.113,89.04,89.04283099051845
246.513,89.3,89.25358940830205
246.913,89.43,89.45611310885778
247.313,89.69,89.66686825759919
247.713,89.82,89.87111801242102
248.113,90.09,90.0658548545263
248.513,90.35,90.248071265118
248.913,90.48,90.42648904870737
249.313,90.61,90.59125858123434
249.713,90.74,90.7578914677986
250.113,90.87,90.90562602157434
250.513,91.0,91.03802876756976
250.913,91.27,91.1694932984622
251.313,91.27,91.29082052958348
251.713,91.4,91.41323635174759
252.113,91.53,91.52849297155797
252.513,91.66,91.64824125531084
252.913,91.79,91.77530238639942
253.313,91.92,91.90318077803067
253.713,91.92,92.03901274926311
254.113,92.06,92.17136319058379
254.513,92.32,92.29996730957693
254.913,92.45,92.42598888525525
255.313,92.59,92.56958810068514
255.713,92.72,92.70789146779856
256.113,92.85,92.83758090879235
256.513,92.98,92.95924158221504
256.913,93.12,93.07488721804374
257.313,93.25,93.19289637136183
257.713,93.25,93.30251716247002
258.113,93.38,93.38715920235232
258.513,93.52,93.48190912062627
258.913,93.65,93.56818895063608
259.313,93.65,93.6601340307276
259.713,93.65,93.74884602811237
260.113,93.78,93.83516835567039
260.513,93.92,93.9291990846668
260.913,94.05,94.02156260215617
261.313,94.05,94.12278195488582
261.713,94.19,94.2306472703484
262.113,94.45,94.32224000713249
262.513,94.32,94.4128104252727
262.913,94.59,94.50235852477044
263.313,94.59,94.59088430562575
263.713,94.72,94.67838776783859
264.113,94.86,94.76486891140897
264.513,94.86,94.85032773633688
264.913,94.99,94.93476424262235
265.313,94.99,95.01817843026535
265.713,94.99,95.10057029926591
